sample,period_cycles,irq_percent,interrupt_count,unknown_task_events,task_id,task_name,task_usage_percent,task_cycles,dispatch_count,state,loop_count,loop_total_cycles,loop_average_cycles,loop_max_cycles,loop_last_cycles
0,710693853,0,120,0,2,application_initialize,5,39924245,1,0x4,1,39920701,39920701,39920701,39920701
0,710693853,0,120,0,3,camera_render,77,554152300,20,0x4,10,554209148,55420914,59393580,53813683
0,710693853,0,120,0,4,pipeline_frame,0,30365,4,0x4,,,,,
0,710693853,0,120,0,5,pipeline_preprocess,6,46563397,9,0x2,9,197641322,21960146,114204932,475
0,710693853,0,120,0,6,pipeline_npu,7,51769509,129,0x4,4,707287241,176821810,309016027,70596910
0,710693853,0,120,0,7,pipeline_postprocess,2,17931765,4,0x4,8,17909939,2238742,9969082,499
0,710693853,0,120,0,8,ai_model_monitor,0,91812,11,0x4,,,,,
1,707033880,0,118,0,2,application_initialize,5,39608525,1,0x4,1,39604474,39604474,39604474,39604474
1,707033880,0,118,0,3,camera_render,78,551740662,24,0x4,10,551829992,55182999,59587987,52067935
1,707033880,0,118,0,4,pipeline_frame,0,30002,4,0x4,,,,,
1,707033880,0,118,0,5,pipeline_preprocess,6,46134294,6,0x2,7,257813705,36830529,115033772,67899419
1,707033880,0,118,0,6,pipeline_npu,7,51277698,127,0x2,4,709325573,177331393,312975487,69143392
1,707033880,0,118,0,7,pipeline_postprocess,2,17930706,4,0x4,8,17909648,2238706,10006117,499
1,707033880,0,118,0,8,ai_model_monitor,0,85410,10,0x4,,,,,
2,702057313,0,119,0,2,application_initialize,5,39925467,2,0x4,1,39928141,39928141,39928141,39928141
2,702057313,0,119,0,3,camera_render,77,546439341,23,0x4,10,546521095,54652109,58774525,57983149
2,702057313,0,119,0,4,pipeline_frame,0,29957,4,0x4,,,,,
2,702057313,0,119,0,5,pipeline_preprocess,6,46056099,6,0x2,8,254365045,31795630,114172888,67112774
2,702057313,0,119,0,6,pipeline_npu,7,51426905,127,0x2,4,755639585,188909896,361904656,122068963
2,702057313,0,119,0,7,pipeline_postprocess,2,17863179,4,0x4,8,17841551,2230193,9970702,499
2,702057313,0,119,0,8,ai_model_monitor,0,88344,11,0x4,,,,,
3,699069884,0,119,0,2,application_initialize,5,39919216,1,0x4,1,39915166,39915166,39915166,39915166
3,699069884,0,119,0,3,camera_render,77,544317794,24,0x4,10,544408309,54440830,58158919,58095142
3,699069884,0,119,0,4,pipeline_frame,0,30131,4,0x4,,,,,
3,699069884,0,119,0,5,pipeline_preprocess,6,45780743,6,0x2,8,254015313,31751914,113702918,66873632
3,699069884,0,119,0,6,pipeline_npu,7,50953457,126,0x2,4,698896997,174724249,307051511,120643492
3,699069884,0,119,0,7,pipeline_postprocess,2,17754999,4,0x4,8,17733176,2216647,9858199,499
3,699069884,0,119,0,8,ai_model_monitor,0,84423,10,0x4,,,,,
4,700947951,0,119,0,2,application_initialize,5,39925630,2,0x4,1,39930646,39930646,39930646,39930646
4,700947951,0,119,0,3,camera_render,77,546563750,24,0x4,10,546652852,54665285,58234800,52751692
4,700947951,0,119,0,4,pipeline_frame,0,29880,4,0x4,,,,,
4,700947951,0,119,0,5,pipeline_preprocess,6,45351647,6,0x2,8,253019873,31627484,113628914,66515921
4,700947951,0,119,0,6,pipeline_npu,7,50981887,127,0x2,4,649310343,162327585,255849202,69413771
4,700947951,0,119,0,7,pipeline_postprocess,2,17771505,4,0x4,8,17750141,2218767,9853771,499
4,700947951,0,119,0,8,ai_model_monitor,0,93651,11,0x4,,,,,
5,706943742,0,119,0,2,application_initialize,5,39873808,2,0x4,1,39876091,39876091,39876091,39876091
5,706943742,0,119,0,3,camera_render,77,544944967,20,0x4,10,544998126,54499812,58475494,58466013
5,706943742,0,119,0,4,pipeline_frame,0,30683,4,0x4,,,,,
5,706943742,0,119,0,5,pipeline_preprocess,6,46384566,9,0x2,9,252378485,28042053,113717345,561
5,706943742,0,119,0,6,pipeline_npu,7,51612370,129,0x2,4,758819110,189704777,307419466,128761247
5,706943742,0,119,0,7,pipeline_postprocess,2,17788515,4,0x4,8,17767106,2220888,9848665,475
5,706943742,0,119,0,8,ai_model_monitor,0,6078729,11,0x4,,,,,
6,701380416,0,119,0,2,application_initialize,5,39761000,1,0x4,1,39757030,39757030,39757030,39757030
6,701380416,0,119,0,3,camera_render,77,546839890,24,0x4,10,546930863,54693086,58297647,57536146
6,701380416,0,119,0,4,pipeline_frame,0,29976,4,0x4,,,,,
6,701380416,0,119,0,5,pipeline_preprocess,6,45716904,6,0x2,7,254890795,36412970,114977806,66681110
6,701380416,0,119,0,6,pipeline_npu,7,50938340,126,0x4,4,643149981,160787495,307416064,63691544
6,701380416,0,119,0,7,pipeline_postprocess,2,17783160,4,0x4,8,17760491,2220061,9862051,499
6,701380416,0,119,0,8,ai_model_monitor,0,82482,10,0x4,,,,,
7,699320715,0,119,0,2,application_initialize,5,39868106,2,0x4,1,39875083,39875083,39875083,39875083
7,699320715,0,119,0,3,camera_render,77,545268128,24,0x4,10,545355866,54535586,58763593,58453317
7,699320715,0,119,0,4,pipeline_frame,0,30112,4,0x4,,,,,
7,699320715,0,119,0,5,pipeline_preprocess,6,46190072,6,0x2,8,254361012,31795126,113092364,67233179
7,699320715,0,119,0,6,pipeline_npu,7,49875762,126,0x2,4,756518614,189129653,363810038,68766086
7,699320715,0,119,0,7,pipeline_postprocess,2,17767551,4,0x4,8,17745827,2218228,9837106,499
7,699320715,0,119,0,8,ai_model_monitor,0,91713,11,0x4,,,,,
8,703438467,0,120,0,2,application_initialize,5,39873089,2,0x4,1,39877540,39877540,39877540,39877540
8,703438467,0,120,0,3,camera_render,77,548058870,23,0x4,10,548147722,54814772,58476984,52639306
8,703438467,0,120,0,4,pipeline_frame,0,30249,4,0x4,,,,,
8,703438467,0,120,0,5,pipeline_preprocess,6,45652100,7,0x2,8,196411801,24551475,114471740,66629852
8,703438467,0,120,0,6,pipeline_npu,7,49655828,127,0x4,4,593609304,148402326,257034557,63748532
8,703438467,0,120,0,7,pipeline_postprocess,2,17885476,4,0x4,8,17863913,2232989,9947566,499
8,703438467,0,120,0,8,ai_model_monitor,0,2051925,11,0x4,,,,,
9,700932756,0,119,0,2,application_initialize,5,39971879,1,0x4,1,39967711,39967711,39967711,39967711
9,700932756,0,119,0,3,camera_render,77,544947103,23,0x4,10,545032651,54503265,58943407,51760912
9,700932756,0,119,0,4,pipeline_frame,0,30383,4,0x4,,,,,
9,700932756,0,119,0,5,pipeline_preprocess,6,46888541,7,0x2,9,196876722,21875191,114487319,475
9,700932756,0,119,0,6,pipeline_npu,7,50924076,127,0x4,4,758685258,189671314,366005495,120850031
9,700932756,0,119,0,7,pipeline_postprocess,2,17857288,4,0x4,8,17835719,2229464,9921247,499
9,700932756,0,119,0,8,ai_model_monitor,0,85083,10,0x4,,,,,
10,699935751,0,118,0,2,application_initialize,5,39656451,2,0x4,1,39660196,39660196,39660196,39660196
10,699935751,0,118,0,3,camera_render,77,545599982,24,0x4,10,545690336,54569033,58025856,52596067
10,699935751,0,118,0,4,pipeline_frame,0,30119,4,0x4,,,,,
10,699935751,0,118,0,5,pipeline_preprocess,6,45493913,6,0x2,7,252919907,36131415,113377538,66405896
10,699935751,0,118,0,6,pipeline_npu,7,51071797,127,0x2,4,701029897,175257474,307620137,69336913
10,699935751,0,118,0,7,pipeline_postprocess,2,17763282,4,0x4,8,17741393,2217674,9833554,499
10,699935751,0,118,0,8,ai_model_monitor,0,92946,11,0x4,,,,,
11,707394327,0,119,0,2,application_initialize,5,39867740,2,0x4,1,39870403,39870403,39870403,39870403
11,707394327,0,119,0,3,camera_render,77,545933930,18,0x4,10,545975561,54597556,59187673,59187673
11,707394327,0,119,0,4,pipeline_frame,0,31061,4,0x4,,,,,
11,707394327,0,119,0,5,pipeline_preprocess,6,46312538,11,0x2,9,195481077,21720119,113930981,532
11,707394327,0,119,0,6,pipeline_npu,8,57140130,130,0x2,4,759649990,189912497,311885588,129591818
11,707394327,0,119,0,7,pipeline_postprocess,2,17789031,5,0x4,8,17776979,2222122,9866206,475
11,707394327,0,119,0,8,ai_model_monitor,0,89250,11,0x4,,,,,
12,701664969,0,120,0,2,application_initialize,5,39713684,1,0x4,1,39710005,39710005,39710005,39710005
12,701664969,0,120,0,3,camera_render,77,545504489,24,0x4,10,545602022,54560202,58709533,51772591
12,701664969,0,120,0,4,pipeline_frame,0,30061,4,0x4,,,,,
12,701664969,0,120,0,5,pipeline_preprocess,6,46355933,6,0x2,7,256231609,36604515,115021082,67209364
12,701664969,0,120,0,6,pipeline_npu,7,51985865,126,0x4,4,590707395,147676848,313036573,11310107
12,701664969,0,120,0,7,pipeline_postprocess,2,17757054,4,0x4,8,17735795,2216974,9858160,499
12,701664969,0,120,0,8,ai_model_monitor,0,88203,10,0x4,,,,,
13,700020171,0,118,0,2,application_initialize,5,39873171,2,0x4,1,39875857,39875857,39875857,39875857
13,700020171,0,118,0,3,camera_render,77,544507681,16,0x4,10,544521170,54452117,58854532,58854532
13,700020171,0,118,0,4,pipeline_frame,0,30025,4,0x4,,,,,
13,700020171,0,118,0,5,pipeline_preprocess,6,46605443,8,0x2,8,255836267,31979533,114229555,67662677
13,700020171,0,118,0,6,pipeline_npu,7,50940804,131,0x2,4,809121656,202280414,416265685,121079881
13,700020171,0,118,0,7,pipeline_postprocess,2,17744403,5,0x4,8,17736986,2217123,9833287,499
13,700020171,0,118,0,8,ai_model_monitor,0,91248,11,0x4,,,,,
14,676696365,0,118,0,2,application_initialize,5,39924083,1,0x4,1,39920314,39920314,39920314,39920314
14,676696365,0,118,0,3,camera_render,80,543422035,23,0x4,10,543507453,54350745,58478335,51951423
14,676696365,0,118,0,4,pipeline_frame,0,23160,3,0x4,,,,,
14,676696365,0,118,0,5,pipeline_preprocess,3,24315773,7,0x4,9,195628076,21736452,115125197,532
14,676696365,0,118,0,6,pipeline_npu,7,50898079,128,0x4,4,766741566,191685391,310501853,130047439
14,676696365,0,118,0,7,pipeline_postprocess,2,17801821,4,0x4,8,17779715,2222464,9864346,499
14,676696365,0,118,0,8,ai_model_monitor,0,85419,10,0x4,,,,,
15,701086545,0,119,0,2,application_initialize,5,39684320,2,0x4,1,39689577,39689577,39689577,39689577
15,701086545,0,119,0,3,camera_render,77,546265724,22,0x4,10,546335108,54633510,59064232,57626205
15,701086545,0,119,0,4,pipeline_frame,0,30640,4,0x4,,,,,
15,701086545,0,119,0,5,pipeline_preprocess,6,45918464,6,0x2,6,149350557,24891759,74993849,499
15,701086545,0,119,0,6,pipeline_npu,7,50791234,127,0x4,4,692271428,173067857,298906447,120426133
15,701086545,0,119,0,7,pipeline_postprocess,2,17866500,4,0x4,8,17845118,2230639,9930034,499
15,701086545,0,119,0,8,ai_model_monitor,0,300801,11,0x4,,,,,
16,699891189,0,119,0,2,application_initialize,5,39661616,1,0x4,1,39659031,39659031,39659031,39659031
16,699891189,0,119,0,3,camera_render,78,546911841,18,0x4,10,546947985,54694798,58541223,51531738
16,699891189,0,119,0,4,pipeline_frame,0,30566,4,0x4,,,,,
16,699891189,0,119,0,5,pipeline_preprocess,6,45876261,9,0x2,8,196254058,24531757,106814816,475
16,699891189,0,119,0,6,pipeline_npu,7,49355427,130,0x2,3,581114171,193704723,256639592,256639592
16,699891189,0,119,0,7,pipeline_postprocess,2,17741054,6,0x4,8,17737076,2217134,9815953,499
16,699891189,0,119,0,8,ai_model_monitor,0,84765,10,0x4,,,,,
17,699601197,0,120,0,2,application_initialize,5,39663637,2,0x4,1,39666438,39666438,39666438,39666438
17,699601197,0,120,0,3,camera_render,77,541275632,24,0x4,10,541367281,54136728,58238097,57372375
17,699601197,0,120,0,4,pipeline_frame,0,30526,4,0x4,,,,,
17,699601197,0,120,0,5,pipeline_preprocess,6,46113408,7,0x2,8,251546268,31443283,104409224,499
17,699601197,0,120,0,6,pipeline_npu,7,54381455,128,0x2,5,758632719,151726543,251877932,62188958
17,699601197,0,120,0,7,pipeline_postprocess,2,17815257,4,0x4,8,17793403,2224175,9876870,499
17,699601197,0,120,0,8,ai_model_monitor,0,90300,11,0x4,,,,,
18,699244524,0,119,0,2,application_initialize,5,39607862,1,0x4,1,39603961,39603961,39603961,39603961
18,699244524,0,119,0,3,camera_render,77,543768207,17,0x4,10,543803124,54380312,58711203,58248849
18,699244524,0,119,0,4,pipeline_frame,0,30439,4,0x4,,,,,
18,699244524,0,119,0,5,pipeline_preprocess,6,46726758,10,0x2,8,197203590,24650448,107038261,499
18,699244524,0,119,0,6,pipeline_npu,7,51077327,128,0x4,4,700285393,175071348,366807155,11205890
18,699244524,0,119,0,7,pipeline_postprocess,2,17719303,6,0x4,8,17717474,2214684,9841018,499
18,699244524,0,119,0,8,ai_model_monitor,0,85560,10,0x4,,,,,
19,697054317,0,118,0,2,application_initialize,5,39657434,2,0x4,1,39661636,39661636,39661636,39661636
19,697054317,0,118,0,3,camera_render,77,543543701,24,0x4,10,543633953,54363395,57877674,57811038
19,697054317,0,118,0,4,pipeline_frame,0,30920,4,0x4,,,,,
19,697054317,0,118,0,5,pipeline_preprocess,6,45546347,8,0x2,8,137799468,17224933,73637570,499
19,697054317,0,118,0,6,pipeline_npu,7,50207964,128,0x4,4,755482117,188870529,364119893,121501330
19,697054317,0,118,0,7,pipeline_postprocess,2,17750550,4,0x4,8,17729126,2216140,9859942,499
19,697054317,0,118,0,8,ai_model_monitor,0,90183,11,0x4,,,,,
20,647538729,0,120,0,2,application_initialize,6,39604308,2,0x4,1,39611728,39611728,39611728,39611728
20,647538729,0,120,0,3,camera_render,75,491212398,22,0x4,9,491298430,54588714,58837305,58837305
20,647538729,0,120,0,4,pipeline_frame,0,30013,4,0x4,,,,,
20,647538729,0,120,0,5,pipeline_preprocess,7,47048376,6,0x2,8,253728614,31716076,106968610,499
20,647538729,0,120,0,6,pipeline_npu,7,51550926,127,0x2,4,588515760,147128940,256120225,11188259
20,647538729,0,120,0,7,pipeline_postprocess,2,17774610,4,0x4,8,17752988,2219123,9852862,499
20,647538729,0,120,0,8,ai_model_monitor,0,87621,10,0x4,,,,,
21,695775816,0,118,0,2,application_initialize,5,39556026,1,0x4,1,39552178,39552178,39552178,39552178
21,695775816,0,118,0,3,camera_render,77,541990890,19,0x4,10,542043544,54204354,58336323,51696453
21,695775816,0,118,0,4,pipeline_frame,0,30973,4,0x4,,,,,
21,695775816,0,118,0,5,pipeline_preprocess,6,45698761,11,0x4,10,203255820,20325582,74312993,561
21,695775816,0,118,0,6,pipeline_npu,7,50426521,130,0x4,4,763855487,190963871,312380119,128961325
21,695775816,0,118,0,7,pipeline_postprocess,2,17760213,4,0x4,8,17738354,2217294,9832405,499
21,695775816,0,118,0,8,ai_model_monitor,0,85212,10,0x4,,,,,
22,697714648,0,119,0,2,application_initialize,5,39721746,2,0x4,1,39731212,39731212,39731212,39731212
22,697714648,0,119,0,3,camera_render,77,543723473,24,0x4,10,543815052,54381505,58532026,52517880
22,697714648,0,119,0,4,pipeline_frame,0,31109,4,0x4,,,,,
22,697714648,0,119,0,5,pipeline_preprocess,6,46583721,8,0x4,8,155089315,19386164,74016992,532
22,697714648,0,119,0,6,pipeline_npu,7,49521823,129,0x4,4,697703640,174425910,251633056,129895192
22,697714648,0,119,0,7,pipeline_postprocess,2,17808082,4,0x4,8,17786612,2223326,9873970,499
22,697714648,0,119,0,8,ai_model_monitor,0,94398,11,0x4,,,,,
23,648419933,0,119,0,2,application_initialize,6,39617705,2,0x4,1,39622940,39622940,39622940,39622940
23,648419933,0,119,0,3,camera_render,76,494940497,21,0x4,9,495020653,55002294,58290810,58290810
23,648419933,0,119,0,4,pipeline_frame,0,30433,4,0x4,,,,,
23,648419933,0,119,0,5,pipeline_preprocess,6,45161674,7,0x2,6,147608124,24601354,74079515,499
23,648419933,0,119,0,6,pipeline_npu,7,50397839,126,0x4,4,639651885,159912971,245394320,123262138
23,648419933,0,119,0,7,pipeline_postprocess,2,17959785,4,0x4,8,17938556,2242319,9967042,475
23,648419933,0,119,0,8,ai_model_monitor,0,85038,10,0x4,,,,,
24,699667377,0,119,0,2,application_initialize,5,39556635,1,0x4,1,39554305,39554305,39554305,39554305
24,699667377,0,119,0,3,camera_render,79,554019270,16,0x4,10,554043216,55404321,59533767,58858608
24,699667377,0,119,0,4,pipeline_frame,0,30775,4,0x4,,,,,
24,699667377,0,119,0,5,pipeline_preprocess,5,37323835,10,0x4,8,138799525,17349940,74682959,499
24,699667377,0,119,0,6,pipeline_npu,7,50473027,128,0x4,4,708431306,177107826,311135954,123807557
24,699667377,0,119,0,7,pipeline_postprocess,2,17943572,5,0x4,8,17931674,2241459,10010359,499
24,699667377,0,119,0,8,ai_model_monitor,0,86073,10,0x4,,,,,
25,666120180,0,120,0,2,application_initialize,5,39726075,2,0x4,1,39731163,39731163,39731163,39731163
25,666120180,0,120,0,3,camera_render,75,500793434,21,0x4,9,500877745,55653082,59048818,58927116
25,666120180,0,120,0,4,pipeline_frame,0,30004,4,0x4,,,,,
25,666120180,0,120,0,5,pipeline_preprocess,8,55705491,7,0x2,8,216533379,27066672,74878613,499
25,666120180,0,120,0,6,pipeline_npu,7,51523608,127,0x2,4,598087414,149521853,258545951,11220947
25,666120180,0,120,0,7,pipeline_postprocess,2,18019344,4,0x4,8,17997815,2249726,10075144,499
25,666120180,0,120,0,8,ai_model_monitor,0,91599,10,0x4,,,,,
26,704322291,0,118,0,2,application_initialize,5,39556695,2,0x4,1,39561640,39561640,39561640,39561640
26,704322291,0,118,0,3,camera_render,79,556423529,24,0x4,10,556515347,55651534,59772253,59380071
26,704322291,0,118,0,4,pipeline_frame,0,30941,4,0x4,,,,,
26,704322291,0,118,0,5,pipeline_preprocess,5,37903496,7,0x4,8,196811691,24601461,75555590,475
26,704322291,0,118,0,6,pipeline_npu,7,52027720,127,0x2,3,703705462,234568487,317488003,253566022
26,704322291,0,118,0,7,pipeline_postprocess,2,18061458,4,0x4,8,18039596,2254949,10082317,499
26,704322291,0,118,0,8,ai_model_monitor,0,89292,11,0x4,,,,,
27,641956972,0,78,0,2,application_initialize,6,39657171,2,0x4,1,39659533,39659533,39659533,39659533
27,641956972,0,78,0,3,camera_render,77,495545885,21,0x4,9,495624934,55069437,59546685,53153526
27,641956972,0,78,0,4,pipeline_frame,0,22402,3,0x4,,,,,
27,641956972,0,78,0,5,pipeline_preprocess,7,46633347,6,0x4,8,218235875,27279484,75222314,499
27,641956972,0,78,0,6,pipeline_npu,6,44256258,84,0x4,4,656578934,164144733,270755135,204876008
27,641956972,0,78,0,7,pipeline_postprocess,2,15603454,3,0x4,6,15586815,2597802,10106605,475
27,641956972,0,78,0,8,ai_model_monitor,0,83175,10,0x4,,,,,
28,644467814,0,113,0,2,application_initialize,6,39502451,1,0x4,1,39500383,39500383,39500383,39500383
28,644467814,0,113,0,3,camera_render,77,501748362,17,0x4,9,506978532,56330948,63814780,53567637
28,644467814,0,113,0,4,pipeline_frame,0,5217645,4,0x4,,,,,
28,644467814,0,113,0,5,pipeline_preprocess,7,46072402,9,0x4,8,211994388,26499298,75020219,499
28,644467814,0,113,0,6,pipeline_npu,6,41840326,122,0x4,3,558286004,186095334,226230457,122037941
28,644467814,0,113,0,7,pipeline_postprocess,1,9788425,3,0x4,6,9772260,1628710,4842970,499
28,644467814,0,113,0,8,ai_model_monitor,0,80007,10,0x4,,,,,
29,698886457,0,114,0,2,application_initialize,5,39609829,1,0x4,1,39607648,39607648,39607648,39607648
29,698886457,0,114,0,3,camera_render,79,555150267,23,0x4,10,560424197,56042419,63952918,53298003
29,698886457,0,114,0,4,pipeline_frame,0,5222323,4,0x4,,,,,
29,698886457,0,114,0,5,pipeline_preprocess,6,45428074,8,0x4,8,163061456,20382682,74628698,499
29,698886457,0,114,0,6,pipeline_npu,5,40339459,123,0x4,4,709910118,177477529,297283577,70203220
29,698886457,0,114,0,7,pipeline_postprocess,1,12832470,4,0x4,8,12810653,1601331,4887667,499
29,698886457,0,114,0,8,ai_model_monitor,0,83445,10,0x4,,,,,
30,696672431,0,114,0,2,application_initialize,5,39661897,2,0x4,1,39664638,39664638,39664638,39664638
30,696672431,0,114,0,3,camera_render,79,552348861,23,0x4,10,552428380,55242838,60275800,53432220
30,696672431,0,114,0,4,pipeline_frame,0,22838,3,0x4,,,,,
30,696672431,0,114,0,5,pipeline_preprocess,5,39661578,5,0x4,6,210573174,35095529,75077819,532
30,696672431,0,114,0,6,pipeline_npu,6,46640388,124,0x2,3,695513684,231837894,357435124,268087982
30,696672431,0,114,0,7,pipeline_postprocess,2,18028638,4,0x4,8,18006194,2250774,8193955,499
30,696672431,0,114,0,8,ai_model_monitor,0,88659,11,0x4,,,,,
31,700729956,0,119,0,2,application_initialize,5,39602252,1,0x4,1,39598335,39598335,39598335,39598335
31,700729956,0,119,0,3,camera_render,79,554087818,20,0x4,10,554142133,55414213,59037336,58310949
31,700729956,0,119,0,4,pipeline_frame,0,30430,4,0x4,,,,,
31,700729956,0,119,0,5,pipeline_preprocess,5,36786584,6,0x4,6,148762937,24793822,74965886,499
31,700729956,0,119,0,6,pipeline_npu,7,51874512,128,0x2,4,763378737,190844684,266043740,266043740
31,700729956,0,119,0,7,pipeline_postprocess,2,18038850,6,0x4,8,18036368,2254546,8197819,475
31,700729956,0,119,0,8,ai_model_monitor,0,81852,10,0x4,,,,,
32,662595756,0,119,0,2,application_initialize,5,39610725,2,0x4,1,39613249,39613249,39613249,39613249
32,662595756,0,119,0,3,camera_render,75,502302982,21,0x4,9,502376610,55819623,59596371,58531555
32,662595756,0,119,0,4,pipeline_frame,0,30161,4,0x4,,,,,
32,662595756,0,119,0,5,pipeline_preprocess,8,54650130,7,0x2,8,217727028,27215878,75227489,499
32,662595756,0,119,0,6,pipeline_npu,7,50122612,126,0x2,4,657849737,164462434,264576523,213251768
32,662595756,0,119,0,7,pipeline_postprocess,2,15570877,4,0x4,6,15563628,2593938,8190883,475
32,662595756,0,119,0,8,ai_model_monitor,0,80769,10,0x4,,,,,
33,645730626,0,74,0,2,application_initialize,6,39555779,2,0x4,1,39560734,39560734,39560734,39560734
33,645730626,0,74,0,3,camera_render,77,497385175,21,0x4,9,497460975,55273441,59200791,52901310
33,645730626,0,74,0,4,pipeline_frame,0,22841,3,0x4,,,,,
33,645730626,0,74,0,5,pipeline_preprocess,5,36960365,6,0x4,8,256426086,32053260,106098388,499
33,645730626,0,74,0,6,pipeline_npu,8,53467416,83,0x4,4,718244964,179561241,262270684,213892664
33,645730626,0,74,0,7,pipeline_postprocess,2,18101580,4,0x4,8,18080285,2260035,8198095,475
33,645730626,0,74,0,8,ai_model_monitor,0,83310,10,0x4,,,,,
34,699354670,0,103,0,2,application_initialize,5,39524672,2,0x4,1,39529909,39529909,39529909,39529909
34,699354670,0,103,0,3,camera_render,79,556992567,24,0x4,10,557080917,55708091,60008385,53732416
34,699354670,0,103,0,4,pipeline_frame,0,30523,4,0x4,,,,,
34,699354670,0,103,0,5,pipeline_preprocess,6,45336353,6,0x2,5,83292187,16658437,67865072,67865072
34,699354670,0,103,0,6,pipeline_npu,6,44053228,111,0x2,3,556561355,185520451,259522520,71195557
34,699354670,0,103,0,7,pipeline_postprocess,1,13130094,3,0x4,6,13114323,2185720,8191060,499
34,699354670,0,103,0,8,ai_model_monitor,0,87270,11,0x4,,,,,
35,659013002,0,120,0,2,application_initialize,6,39819616,1,0x4,1,39815952,39815952,39815952,39815952
35,659013002,0,120,0,3,camera_render,76,503458951,20,0x4,9,503531066,55947896,59950563,53753704
35,659013002,0,120,0,4,pipeline_frame,0,30821,4,0x4,,,,,
35,659013002,0,120,0,5,pipeline_preprocess,6,45628075,9,0x4,11,214065404,19460491,114627923,532
35,659013002,0,120,0,6,pipeline_npu,7,51724102,132,0x2,4,658873464,164718366,306498377,70886812
35,659013002,0,120,0,7,pipeline_postprocess,2,18035079,4,0x4,8,18013826,2251728,8190568,499
35,659013002,0,120,0,8,ai_model_monitor,0,84501,10,0x4,,,,,
36,710590971,0,118,0,2,application_initialize,5,39608096,1,0x4,1,39604065,39604065,39604065,39604065
36,710590971,0,118,0,3,camera_render,78,556064933,24,0x4,10,556157925,55615792,60074442,60074442
36,710590971,0,118,0,4,pipeline_frame,0,30326,4,0x4,,,,,
36,710590971,0,118,0,5,pipeline_preprocess,6,46396550,6,0x2,6,83268479,13878079,68002094,475
36,710590971,0,118,0,6,pipeline_npu,7,50121185,124,0x2,4,762050976,190512744,322815236,69902365
36,710590971,0,118,0,7,pipeline_postprocess,2,18054633,4,0x4,8,18033557,2254194,8191219,499
36,710590971,0,118,0,8,ai_model_monitor,0,89478,11,0x4,,,,,
37,711925170,0,120,0,2,application_initialize,5,39555225,1,0x4,1,39551413,39551413,39551413,39551413
37,711925170,0,120,0,3,camera_render,77,555076788,23,0x4,10,555163103,55516310,59355505,52803211
37,711925170,0,120,0,4,pipeline_frame,0,30249,4,0x4,,,,,
37,711925170,0,120,0,5,pipeline_preprocess,6,46787239,7,0x2,8,252781082,31597635,115633781,475
37,711925170,0,120,0,6,pipeline_npu,7,52080397,128,0x4,4,659283219,164820804,264413378,70129153
37,711925170,0,120,0,7,pipeline_postprocess,2,18079884,4,0x4,8,18058556,2257319,8197465,499
37,711925170,0,120,0,8,ai_model_monitor,0,86145,10,0x4,,,,,
38,709477977,0,118,0,2,application_initialize,5,39603581,2,0x4,1,39607201,39607201,39607201,39607201
38,709477977,0,118,0,3,camera_render,78,555551423,24,0x4,10,555643184,55564318,59053923,58849798
38,709477977,0,118,0,4,pipeline_frame,0,30413,4,0x4,,,,,
38,709477977,0,118,0,5,pipeline_preprocess,6,46135178,7,0x2,7,197773777,28253396,114315509,67645760
38,709477977,0,118,0,6,pipeline_npu,7,49706386,127,0x2,4,764002628,191000657,360296668,70107988
38,709477977,0,118,0,7,pipeline_postprocess,2,18133108,4,0x4,8,18110786,2263848,8196982,499
38,709477977,0,118,0,8,ai_model_monitor,0,89835,11,0x4,,,,,
39,720007182,0,119,0,2,application_initialize,5,39873044,2,0x4,1,39878272,39878272,39878272,39878272
39,720007182,0,119,0,3,camera_render,77,555963988,24,0x4,10,556051387,55605138,59289778,59289778
39,720007182,0,119,0,4,pipeline_frame,0,30447,4,0x4,,,,,
39,720007182,0,119,0,5,pipeline_preprocess,6,46398116,7,0x2,9,254228449,28247605,114636062,532
39,720007182,0,119,0,6,pipeline_npu,8,59334104,129,0x2,4,722138578,180534644,266804207,130848188
39,720007182,0,119,0,7,pipeline_postprocess,2,18086535,4,0x4,8,18065384,2258173,8192527,499
39,720007182,0,119,0,8,ai_model_monitor,0,91617,11,0x4,,,,,
40,713127537,0,124,0,2,application_initialize,5,39661928,2,0x4,1,39666652,39666652,39666652,39666652
40,713127537,0,124,0,3,camera_render,77,554256396,20,0x4,10,554318599,55431859,59472057,52728808
40,713127537,0,124,0,4,pipeline_frame,0,30317,4,0x4,,,,,
40,713127537,0,124,0,5,pipeline_preprocess,6,46183601,7,0x2,8,197953742,24744217,115334843,475
40,713127537,0,124,0,6,pipeline_npu,7,54309202,133,0x4,4,595683931,148920982,263291966,11248049
40,713127537,0,124,0,7,pipeline_postprocess,2,18013323,4,0x4,8,17992043,2249005,8195239,499
40,713127537,0,124,0,8,ai_model_monitor,0,435618,11,0x4,,,,,
41,706890768,0,114,0,2,application_initialize,5,39661181,1,0x4,1,39657484,39657484,39657484,39657484
41,706890768,0,114,0,3,camera_render,78,553393858,24,0x4,10,553481996,55348199,59804510,58216968
41,706890768,0,114,0,4,pipeline_frame,0,30601,4,0x4,,,,,
41,706890768,0,114,0,5,pipeline_preprocess,6,45867943,8,0x2,8,254845874,31855734,114762296,532
41,706890768,0,114,0,6,pipeline_npu,7,49556018,124,0x2,4,827589085,206897271,361076795,132331921
41,706890768,0,114,0,7,pipeline_postprocess,2,18071910,4,0x4,8,18050264,2256283,8196994,499
41,706890768,0,114,0,8,ai_model_monitor,0,88380,11,0x4,,,,,
42,686554089,0,119,0,2,application_initialize,5,39655908,1,0x4,1,39651886,39651886,39651886,39651886
42,686554089,0,119,0,3,camera_render,79,548202473,23,0x4,10,553471217,55347121,64612314,59369517
42,686554089,0,119,0,4,pipeline_frame,0,5209278,3,0x4,,,,,
42,686554089,0,119,0,5,pipeline_preprocess,3,24212924,6,0x2,6,186746521,31124420,113573774,499
42,686554089,0,119,0,6,pipeline_npu,8,56040492,127,0x2,4,702047884,175511971,299639197,11215312
42,686554089,0,119,0,7,pipeline_postprocess,1,12923142,4,0x4,8,12901589,1612698,4945534,499
42,686554089,0,119,0,8,ai_model_monitor,0,81381,10,0x4,,,,,
43,654085206,0,118,0,2,application_initialize,6,39710618,2,0x4,1,39715995,39715995,39715995,39715995
43,654085206,0,118,0,3,camera_render,76,500054506,21,0x4,9,505320608,56146734,64243123,59322189
43,654085206,0,118,0,4,pipeline_frame,0,5217170,4,0x4,,,,,
43,654085206,0,118,0,5,pipeline_preprocess,6,45318491,8,0x2,8,203829167,25478645,75534584,499
43,654085206,0,118,0,6,pipeline_npu,7,50514808,127,0x4,4,713818611,178454652,310813898,70515418
43,654085206,0,118,0,7,pipeline_postprocess,1,12956628,4,0x4,8,12935195,1616899,4951006,499
43,654085206,0,118,0,8,ai_model_monitor,0,86868,10,0x4,,,,,
44,700927083,0,119,0,2,application_initialize,5,39604169,1,0x4,1,39601627,39601627,39601627,39601627
44,700927083,0,119,0,3,camera_render,79,555254132,16,0x4,10,555269616,55526961,59360497,58400205
44,700927083,0,119,0,4,pipeline_frame,0,29939,4,0x4,,,,,
44,700927083,0,119,0,5,pipeline_preprocess,5,36207460,7,0x4,8,256216685,32027085,106803739,499
44,700927083,0,119,0,6,pipeline_npu,6,48420537,129,0x4,4,709728656,177432164,306656012,122135149
44,700927083,0,119,0,7,pipeline_postprocess,2,18096432,6,0x4,8,18093662,2261707,7689532,499
44,700927083,0,119,0,8,ai_model_monitor,0,3086205,10,0x4,,,,,
45,665377599,0,120,0,2,application_initialize,5,39776013,2,0x4,1,39784737,39784737,39784737,39784737
45,665377599,0,120,0,3,camera_render,75,500877267,16,0x4,9,500907130,55656347,59447467,58244778
45,665377599,0,120,0,4,pipeline_frame,0,30071,4,0x4,,,,,
45,665377599,0,120,0,5,pipeline_preprocess,8,54588921,10,0x2,8,218052383,27256547,75306041,499
45,665377599,0,120,0,6,pipeline_npu,7,51674002,129,0x2,4,598218604,149554651,258472421,11289677
45,665377599,0,120,0,7,pipeline_postprocess,2,18105576,6,0x4,8,18103328,2262916,7688614,499
45,665377599,0,120,0,8,ai_model_monitor,0,94437,11,0x4,,,,,
46,651496872,0,118,0,2,application_initialize,6,39554934,1,0x4,1,39551242,39551242,39551242,39551242
46,651496872,0,118,0,3,camera_render,76,497139180,21,0x4,9,497215368,55246152,58779859,57277161
46,651496872,0,118,0,4,pipeline_frame,0,29950,4,0x4,,,,,
46,651496872,0,118,0,5,pipeline_preprocess,6,45342176,6,0x2,8,255649955,31956244,106868444,499
46,651496872,0,118,0,6,pipeline_npu,7,51515003,127,0x4,4,709858419,177464604,310051844,68551324
46,651496872,0,118,0,7,pipeline_postprocess,2,17611899,4,0x4,8,17589668,2198708,7642849,499
46,651496872,0,118,0,8,ai_model_monitor,0,77022,9,0x4,,,,,
47,690293550,0,119,0,2,application_initialize,5,39504453,2,0x4,1,39512341,39512341,39512341,39512341
47,690293550,0,119,0,3,camera_render,78,542699143,24,0x4,10,542784587,54278458,58433256,57433294
47,690293550,0,119,0,4,pipeline_frame,0,30938,4,0x4,,,,,
47,690293550,0,119,0,5,pipeline_preprocess,6,46114052,8,0x2,8,137941139,17242642,73803278,499
47,690293550,0,119,0,6,pipeline_npu,6,46465940,126,0x2,3,627774513,209258171,307489865,250830770
47,690293550,0,119,0,7,pipeline_postprocess,2,15163207,3,0x4,6,15147153,2524525,9741286,475
47,690293550,0,119,0,8,ai_model_monitor,0,86358,11,0x4,,,,,
48,678350931,0,74,0,2,application_initialize,5,39607995,1,0x4,1,39604009,39604009,39604009,39604009
48,678350931,0,74,0,3,camera_render,78,533225212,19,0x4,10,533271118,53327111,57339579,51813870
48,678350931,0,74,0,4,pipeline_frame,0,22590,3,0x4,,,,,
48,678350931,0,74,0,5,pipeline_preprocess,5,36900591,7,0x4,8,249608193,31201024,103748262,499
48,678350931,0,74,0,6,pipeline_npu,7,50706635,83,0x4,4,749768941,187442235,261344056,251577980
48,678350931,0,74,0,7,pipeline_postprocess,2,17656104,5,0x4,8,17645477,2205684,9781915,475
48,678350931,0,74,0,8,ai_model_monitor,0,83472,10,0x4,,,,,
49,680863177,0,114,0,2,application_initialize,5,39569728,2,0x4,1,39574729,39574729,39574729,39574729
49,680863177,0,114,0,3,camera_render,79,542117380,21,0x4,10,547369970,54736997,62692654,51230532
49,680863177,0,114,0,4,pipeline_frame,0,5222375,4,0x4,,,,,
49,680863177,0,114,0,5,pipeline_preprocess,6,45762752,8,0x4,8,150466970,18808371,73515020,499
49,680863177,0,114,0,6,pipeline_npu,5,38288138,125,0x2,3,553383647,184461215,222036421,120587570
49,680863177,0,114,0,7,pipeline_postprocess,1,9601554,3,0x4,6,9586086,1597681,4677838,475
49,680863177,0,114,0,8,ai_model_monitor,0,79422,10,0x4,,,,,
50,697488554,0,119,0,2,application_initialize,5,39661510,2,0x4,1,39666361,39666361,39666361,39666361
50,697488554,0,119,0,3,camera_render,77,543689391,24,0x4,10,543780496,54378049,58200172,52719582
50,697488554,0,119,0,4,pipeline_frame,0,30064,4,0x4,,,,,
50,697488554,0,119,0,5,pipeline_preprocess,6,45438962,6,0x4,8,213970410,26746301,74092610,499
50,697488554,0,119,0,6,pipeline_npu,7,50534015,126,0x4,4,694992482,173748120,348016253,68536313
50,697488554,0,119,0,7,pipeline_postprocess,2,17815353,4,0x4,8,17793722,2224215,8144824,499
50,697488554,0,119,0,8,ai_model_monitor,0,92133,11,0x4,,,,,
51,649192366,0,113,0,2,application_initialize,6,39556387,2,0x4,1,39558730,39558730,39558730,39558730
51,649192366,0,113,0,3,camera_render,76,495867754,18,0x4,9,495914623,55101624,59247823,57860401
51,649192366,0,113,0,4,pipeline_frame,0,29890,4,0x4,,,,,
51,649192366,0,113,0,5,pipeline_preprocess,7,46195337,7,0x2,5,209135533,41827106,74105152,66998744
51,649192366,0,113,0,6,pipeline_npu,7,49375162,125,0x4,4,705246699,176311674,353191538,69949072
51,649192366,0,113,0,7,pipeline_postprocess,2,17867199,5,0x4,8,17854697,2231837,8155690,499
51,649192366,0,113,0,8,ai_model_monitor,0,81876,10,0x4,,,,,
52,653321606,0,119,0,2,application_initialize,6,39766015,1,0x4,1,39764080,39764080,39764080,39764080
52,653321606,0,119,0,3,camera_render,76,497136565,20,0x4,9,497203647,55244849,59048655,57803530
52,653321606,0,119,0,4,pipeline_frame,0,30499,4,0x4,,,,,
52,653321606,0,119,0,5,pipeline_preprocess,7,46721363,7,0x2,8,196715813,24589476,74744783,66934106
52,653321606,0,119,0,6,pipeline_npu,7,50034254,127,0x4,4,653382982,163345745,301623866,70092527
52,653321606,0,119,0,7,pipeline_postprocess,2,17852763,4,0x4,8,17831372,2228921,8141332,499
52,653321606,0,119,0,8,ai_model_monitor,0,1553327,10,0x4,,,,,
53,654072402,0,119,0,2,application_initialize,6,39866502,1,0x4,1,39864865,39864865,39864865,39864865
53,654072402,0,119,0,3,camera_render,75,496917850,18,0x4,9,496965114,55218346,59179449,58202602
53,654072402,0,119,0,4,pipeline_frame,0,30373,4,0x4,,,,,
53,654072402,0,119,0,5,pipeline_preprocess,7,47405178,9,0x2,8,197251653,24656456,74784242,67365988
53,654072402,0,119,0,6,pipeline_npu,7,51664631,128,0x4,4,653631224,163407806,301645922,70371154
53,654072402,0,119,0,7,pipeline_postprocess,2,17875026,6,0x4,8,17874272,2234284,8141035,499
53,654072402,0,119,0,8,ai_model_monitor,0,84441,10,0x4,,,,,
54,651847080,0,119,0,2,application_initialize,6,39766643,1,0x4,1,39764463,39764463,39764463,39764463
54,651847080,0,119,0,3,camera_render,75,494664420,22,0x4,9,494750043,54972227,58523316,58144492
54,651847080,0,119,0,4,pipeline_frame,0,30266,4,0x4,,,,,
54,651847080,0,119,0,5,pipeline_preprocess,7,47653434,6,0x2,8,196604484,24575560,74288951,67276834
54,651847080,0,119,0,6,pipeline_npu,7,51563993,127,0x2,4,652122468,163030617,301749209,69671299
54,651847080,0,119,0,7,pipeline_postprocess,2,17863443,4,0x4,8,17841026,2230128,8140456,499
54,651847080,0,119,0,8,ai_model_monitor,0,79107,9,0x4,,,,,
55,650361009,0,121,0,2,application_initialize,6,39715538,2,0x4,1,39722245,39722245,39722245,39722245
55,650361009,0,121,0,3,camera_render,75,494264344,22,0x4,9,494352218,54928024,58955622,58955622
55,650361009,0,121,0,4,pipeline_frame,0,30443,4,0x4,,,,,
55,650361009,0,121,0,5,pipeline_preprocess,6,45431765,7,0x2,9,195689380,21743264,74219582,475
55,650361009,0,121,0,6,pipeline_npu,8,52912943,130,0x4,4,648678268,162169567,301074356,68768165
55,650361009,0,121,0,7,pipeline_postprocess,2,17685874,4,0x4,8,17664857,2208107,8144485,499
55,650361009,0,121,0,8,ai_model_monitor,0,87150,10,0x4,,,,,
56,644767698,0,117,0,2,application_initialize,6,39498759,2,0x4,1,39505072,39505072,39505072,39505072
56,644767698,0,117,0,3,camera_render,76,491505703,22,0x4,9,491587625,54620847,58661961,57632866
56,644767698,0,117,0,4,pipeline_frame,0,29969,4,0x4,,,,,
56,644767698,0,117,0,5,pipeline_preprocess,7,45482366,6,0x2,7,253090856,36155836,73709960,66434810
56,644767698,0,117,0,6,pipeline_npu,7,50353699,126,0x4,4,647099423,161774855,298611169,68607196
56,644767698,0,117,0,7,pipeline_postprocess,2,17588936,4,0x4,8,17566751,2195843,8138575,475
56,644767698,0,117,0,8,ai_model_monitor,0,84405,10,0x4,,,,,
57,647591940,0,119,0,2,application_initialize,6,39768056,2,0x4,1,39774399,39774399,39774399,39774399
57,647591940,0,119,0,3,camera_render,75,491274169,19,0x4,9,491335806,54592867,58704555,57093157
57,647591940,0,119,0,4,pipeline_frame,0,30425,4,0x4,,,,,
57,647591940,0,119,0,5,pipeline_preprocess,7,47073924,6,0x2,8,195028184,24378523,73732160,66249146
57,647591940,0,119,0,6,pipeline_npu,7,51471433,130,0x4,4,647767539,161941884,298340060,69319405
57,647591940,0,119,0,7,pipeline_postprocess,2,17622192,4,0x4,8,17600369,2200046,8145589,499
57,647591940,0,119,0,8,ai_model_monitor,0,123056,10,0x4,,,,,
58,695069473,0,119,0,2,application_initialize,5,39814407,1,0x4,1,39812530,39812530,39812530,39812530
58,695069473,0,119,0,3,camera_render,77,540121208,19,0x4,10,540167940,54016794,57705909,57631195
58,695069473,0,119,0,4,pipeline_frame,0,30277,4,0x4,,,,,
58,695069473,0,119,0,5,pipeline_preprocess,6,46815305,7,0x2,8,194935131,24366891,73442333,66403754
58,695069473,0,119,0,6,pipeline_npu,7,49828296,127,0x2,4,695097942,173774485,298891874,119415883
58,695069473,0,119,0,7,pipeline_postprocess,2,17603844,5,0x4,8,17593058,2199132,8150296,475
58,695069473,0,119,0,8,ai_model_monitor,0,631479,10,0x4,,,,,
59,697250153,0,119,0,2,application_initialize,5,39925235,2,0x4,1,39929419,39929419,39929419,39929419
59,697250153,0,119,0,3,camera_render,77,542267989,24,0x4,10,542357643,54235764,58646587,58233502
59,697250153,0,119,0,4,pipeline_frame,0,29858,4,0x4,,,,,
59,697250153,0,119,0,5,pipeline_preprocess,6,45898832,6,0x2,8,254360217,31795027,73516322,67020302
59,697250153,0,119,0,6,pipeline_npu,7,51019191,126,0x2,4,696628649,174157162,298374722,119986448
59,697250153,0,119,0,7,pipeline_postprocess,2,17790359,4,0x4,8,17768624,2221078,8145625,499
59,697250153,0,119,0,8,ai_model_monitor,0,90780,11,0x4,,,,,
60,697622935,0,119,0,2,application_initialize,5,39873273,2,0x4,1,39878409,39878409,39878409,39878409
60,697622935,0,119,0,3,camera_render,77,542944810,15,0x4,10,542956282,54295628,58270971,57148378
60,697622935,0,119,0,4,pipeline_frame,0,30330,4,0x4,,,,,
60,697622935,0,119,0,5,pipeline_preprocess,6,46025423,10,0x2,8,195586682,24448335,73800677,66292139
60,697622935,0,119,0,6,pipeline_npu,7,50759490,130,0x4,4,698149296,174537324,298298945,121284347
60,697622935,0,119,0,7,pipeline_postprocess,2,17669600,6,0x4,8,17668049,2208506,8148919,499
60,697622935,0,119,0,8,ai_model_monitor,0,91305,11,0x4,,,,,
61,648669851,0,119,0,2,application_initialize,6,39924670,1,0x4,1,39923010,39923010,39923010,39923010
61,648669851,0,119,0,3,camera_render,75,492196294,22,0x4,9,492281550,54697950,58293228,57956878
61,648669851,0,119,0,4,pipeline_frame,0,29850,4,0x4,,,,,
61,648669851,0,119,0,5,pipeline_preprocess,7,46587165,6,0x2,8,254607168,31825896,73999802,67114496
61,648669851,0,119,0,6,pipeline_npu,8,52007259,128,0x4,4,647856417,161964104,299752034,69478777
61,648669851,0,119,0,7,pipeline_postprocess,2,17618325,4,0x4,8,17596511,2199563,8139502,475
61,648669851,0,119,0,8,ai_model_monitor,0,79410,9,0x4,,,,,
62,648436911,0,121,0,2,application_initialize,6,39715130,2,0x4,1,39721477,39721477,39721477,39721477
62,648436911,0,121,0,3,camera_render,75,491997585,22,0x4,9,492082457,54675828,58438830,58438830
62,648436911,0,121,0,4,pipeline_frame,0,30251,4,0x4,,,,,
62,648436911,0,121,0,5,pipeline_preprocess,7,45406673,7,0x2,9,195333863,21703762,74034929,475
62,648436911,0,121,0,6,pipeline_npu,8,53301360,131,0x4,4,647257270,161814317,300100754,68583389
62,648436911,0,121,0,7,pipeline_postprocess,2,17668748,4,0x4,8,17647499,2205937,8143711,499
62,648436911,0,121,0,8,ai_model_monitor,0,85575,10,0x4,,,,,
63,647650980,0,119,0,2,application_initialize,6,39499086,2,0x4,1,39505645,39505645,39505645,39505645
63,647650980,0,119,0,3,camera_render,75,492149005,22,0x4,9,492234651,54692739,58583409,57726855
63,647650980,0,119,0,4,pipeline_frame,0,30343,4,0x4,,,,,
63,647650980,0,119,0,5,pipeline_preprocess,7,45702602,7,0x2,8,196020440,24502555,73981187,475
63,647650980,0,119,0,6,pipeline_npu,8,52020687,129,0x4,4,648239861,162059965,297934859,69023668
63,647650980,0,119,0,7,pipeline_postprocess,2,17934069,4,0x4,8,17912087,2239010,8144146,499
63,647650980,0,119,0,8,ai_model_monitor,0,86223,10,0x4,,,,,
64,647074029,0,117,0,2,application_initialize,6,39503974,2,0x4,1,39509977,39509977,39509977,39509977
64,647074029,0,117,0,3,camera_render,76,492866709,18,0x4,9,492916230,54768470,59523208,57153346
64,647074029,0,117,0,4,pipeline_frame,0,30220,4,0x4,,,,,
64,647074029,0,117,0,5,pipeline_preprocess,7,46412138,8,0x2,7,254634998,36376428,73930568,66287576
64,647074029,0,117,0,6,pipeline_npu,7,50258232,127,0x4,4,648471003,162117750,298271573,69463966
64,647074029,0,117,0,7,pipeline_postprocess,2,17693344,5,0x4,8,17681438,2210179,8158411,499
64,647074029,0,117,0,8,ai_model_monitor,0,83415,10,0x4,,,,,
65,706159197,0,119,0,2,application_initialize,5,39761654,1,0x4,1,39759722,39759722,39759722,39759722
65,706159197,0,119,0,3,camera_render,77,550152288,22,0x4,10,550230581,55023058,59764111,59764111
65,706159197,0,119,0,4,pipeline_frame,0,30130,4,0x4,,,,,
65,706159197,0,119,0,5,pipeline_preprocess,6,46070132,7,0x2,8,257385102,32173137,74811092,68576747
65,706159197,0,119,0,6,pipeline_npu,7,51822573,125,0x4,4,644422035,161105508,299860369,63277325
65,706159197,0,119,0,7,pipeline_postprocess,2,18011475,4,0x4,8,17989973,2248746,8192791,475
65,706159197,0,119,0,8,ai_model_monitor,0,84594,10,0x4,,,,,
66,698091552,0,119,0,2,application_initialize,5,39819589,2,0x4,1,39825945,39825945,39825945,39825945
66,698091552,0,119,0,3,camera_render,78,546545305,23,0x4,10,546626196,54662619,59501772,58577406
66,698091552,0,119,0,4,pipeline_frame,0,23441,3,0x4,,,,,
66,698091552,0,119,0,5,pipeline_preprocess,5,39000138,6,0x2,7,182864191,26123455,74552210,532
66,698091552,0,119,0,6,pipeline_npu,7,54372055,125,0x4,4,823800104,205950026,362765206,122848726
66,698091552,0,119,0,7,pipeline_postprocess,2,18014612,4,0x4,8,17993885,2249235,8197798,475
66,698091552,0,119,0,8,ai_model_monitor,0,87573,11,0x4,,,,,
67,699959040,0,118,0,2,application_initialize,5,39603902,2,0x4,1,39609754,39609754,39609754,39609754
67,699959040,0,118,0,3,camera_render,79,553753467,20,0x4,10,553804389,55380438,59634765,59469546
67,699959040,0,118,0,4,pipeline_frame,0,30119,4,0x4,,,,,
67,699959040,0,118,0,5,pipeline_preprocess,5,36939560,5,0x4,8,257087773,32135971,108056629,499
67,699959040,0,118,0,6,pipeline_npu,7,51308526,131,0x4,4,708756090,177189022,302303044,70632614
67,699959040,0,118,0,7,pipeline_postprocess,2,18005154,4,0x4,8,17983505,2247938,8199418,499
67,699959040,0,118,0,8,ai_model_monitor,0,90186,11,0x4,,,,,
68,665125137,0,120,0,2,application_initialize,5,39618474,1,0x4,1,39616495,39616495,39616495,39616495
68,665125137,0,120,0,3,camera_render,75,499809980,20,0x4,9,499878358,55542039,59505135,59505135
68,665125137,0,120,0,4,pipeline_frame,0,30047,4,0x4,,,,,
68,665125137,0,120,0,5,pipeline_preprocess,8,55443425,8,0x2,8,216738792,27092349,74953016,499
68,665125137,0,120,0,6,pipeline_npu,7,51148978,128,0x4,4,655993241,163998310,302483021,70709575
68,665125137,0,120,0,7,pipeline_postprocess,2,18040182,4,0x4,8,18018017,2252252,8192701,499
68,665125137,0,120,0,8,ai_model_monitor,0,804231,10,0x4,,,,,
69,703930263,0,118,0,2,application_initialize,5,39555132,1,0x4,1,39551284,39551284,39551284,39551284
69,703930263,0,118,0,3,camera_render,78,553296423,24,0x4,10,553389236,55338923,59630889,59630889
69,703930263,0,118,0,4,pipeline_frame,0,30866,4,0x4,,,,,
69,703930263,0,118,0,5,pipeline_preprocess,5,37482689,6,0x4,8,254531387,31816423,107637422,532
69,703930263,0,118,0,6,pipeline_npu,7,55212149,127,0x2,3,644487799,214829266,303678533,210874381
69,703930263,0,118,0,7,pipeline_postprocess,2,18043002,4,0x4,8,18021389,2252673,8192656,499
69,703930263,0,118,0,8,ai_model_monitor,0,84948,10,0x4,,,,,
70,644898933,0,75,0,2,application_initialize,6,39656807,2,0x4,1,39659323,39659323,39659323,39659323
70,644898933,0,75,0,3,camera_render,76,492975804,21,0x4,9,493052782,54783642,59124580,52323600
70,644898933,0,75,0,4,pipeline_frame,0,22860,3,0x4,,,,,
70,644898933,0,75,0,5,pipeline_preprocess,7,46185632,7,0x4,8,214077440,26759680,74915900,532
70,644898933,0,75,0,6,pipeline_npu,7,50296047,83,0x4,4,713341120,178335280,262613771,209558498
70,644898933,0,75,0,7,pipeline_postprocess,2,15534280,3,0x4,6,15517677,2586279,8193271,475
70,644898933,0,75,0,8,ai_model_monitor,0,79809,10,0x4,,,,,
71,696952437,0,102,0,2,application_initialize,5,39445181,2,0x4,1,39450555,39450555,39450555,39450555
71,696952437,0,102,0,3,camera_render,79,553443772,22,0x4,10,558702745,55870274,63283146,53494960
71,696952437,0,102,0,4,pipeline_frame,0,5217305,4,0x4,,,,,
71,696952437,0,102,0,5,pipeline_preprocess,6,46758060,6,0x2,5,83456842,16691368,67267703,67267703
71,696952437,0,102,0,6,pipeline_npu,6,43761506,111,0x2,3,555394813,185131604,260307071,70150663
71,696952437,0,102,0,7,pipeline_postprocess,1,7948251,3,0x4,6,7932471,1322078,3009940,499
71,696952437,0,102,0,8,ai_model_monitor,0,181648,11,0x4,,,,,
72,707448144,0,119,0,2,application_initialize,5,39920006,1,0x4,1,39915103,39915103,39915103,39915103
72,707448144,0,119,0,3,camera_render,77,551609528,24,0x4,10,551699893,55169989,59530285,59302738
72,707448144,0,119,0,4,pipeline_frame,0,30080,4,0x4,,,,,
72,707448144,0,119,0,5,pipeline_preprocess,6,46025009,6,0x2,8,310751297,38843912,114621166,68068067
72,707448144,0,119,0,6,pipeline_npu,7,51517755,127,0x2,4,759191518,189797879,362770754,69462859
72,707448144,0,119,0,7,pipeline_postprocess,2,18034494,4,0x4,8,18012008,2251501,10068226,499
72,707448144,0,119,0,8,ai_model_monitor,0,83112,10,0x4,,,,,
73,686392390,0,118,0,2,application_initialize,5,39925446,2,0x4,1,39930148,39930148,39930148,39930148
73,686392390,0,118,0,3,camera_render,79,547074456,23,0x4,10,547153833,54715383,59067214,57371258
73,686392390,0,118,0,4,pipeline_frame,0,23246,3,0x4,,,,,
73,686392390,0,118,0,5,pipeline_preprocess,3,24126098,6,0x2,7,187590184,26798597,115474697,499
73,686392390,0,118,0,6,pipeline_npu,8,57021809,127,0x4,4,767832655,191958163,313013486,68635313
73,686392390,0,118,0,7,pipeline_postprocess,2,17908201,4,0x4,8,17886845,2235855,10000882,499
73,686392390,0,118,0,8,ai_model_monitor,0,87294,11,0x4,,,,,
74,704699393,0,120,0,2,application_initialize,5,39661244,1,0x4,1,39659001,39659001,39659001,39659001
74,704699393,0,120,0,3,camera_render,77,549249115,20,0x4,10,549302717,54930271,58747635,56722684
74,704699393,0,120,0,4,pipeline_frame,0,37340,5,0x4,,,,,
74,704699393,0,120,0,5,pipeline_preprocess,6,46203970,8,0x2,8,253364696,31670587,107190208,499
74,704699393,0,120,0,6,pipeline_npu,7,50464065,129,0x4,4,647609254,161902313,256075607,68867980
74,704699393,0,120,0,7,pipeline_postprocess,2,17747941,4,0x4,8,17725412,2215676,9870118,499
74,704699393,0,120,0,8,ai_model_monitor,0,1105329,10,0x4,,,,,
75,688824639,0,118,0,2,application_initialize,5,39714920,2,0x4,1,39718471,39718471,39718471,39718471
75,688824639,0,118,0,3,camera_render,77,533745926,23,0x4,10,533827417,53382741,58014181,51528180
75,688824639,0,118,0,4,pipeline_frame,0,22902,3,0x4,,,,,
75,688824639,0,118,0,5,pipeline_preprocess,6,46363187,7,0x4,10,316796732,31679673,105583304,532
75,688824639,0,118,0,6,pipeline_npu,7,51006224,128,0x4,4,754680472,188670118,303236824,128780744
75,688824639,0,118,0,7,pipeline_postprocess,2,17653854,4,0x4,8,17632061,2204007,9781393,499
75,688824639,0,118,0,8,ai_model_monitor,0,90975,11,0x4,,,,,
76,706409409,0,120,0,2,application_initialize,5,39732467,2,0x4,1,39737928,39737928,39737928,39737928
76,706409409,0,120,0,3,camera_render,77,550465234,24,0x4,10,550560611,55056061,58702881,57950761
76,706409409,0,120,0,4,pipeline_frame,0,38163,5,0x4,,,,,
76,706409409,0,120,0,5,pipeline_preprocess,6,46891785,7,0x2,6,147062289,24510381,73925789,499
76,706409409,0,120,0,6,pipeline_npu,7,51107118,126,0x4,4,639324440,159831110,246618065,121497661
76,706409409,0,120,0,7,pipeline_postprocess,2,17851243,4,0x4,8,17830217,2228777,9970150,499
76,706409409,0,120,0,8,ai_model_monitor,0,93414,11,0x4,,,,,
77,668691774,0,119,0,2,application_initialize,5,39603401,1,0x4,1,39599659,39599659,39599659,39599659
77,668691774,0,119,0,3,camera_render,73,491352234,15,0x4,9,491376380,54597375,58342438,58342438
77,668691774,0,119,0,4,pipeline_frame,0,30503,4,0x4,,,,,
77,668691774,0,119,0,5,pipeline_preprocess,10,67980658,11,0x2,9,263470053,29274450,106683061,67146173
77,668691774,0,119,0,6,pipeline_npu,7,51579817,132,0x2,4,646237430,161559357,255360554,120137210
77,668691774,0,119,0,7,pipeline_postprocess,2,17831553,5,0x4,8,17823922,2227990,9951039,499
77,668691774,0,119,0,8,ai_model_monitor,0,85455,10,0x4,,,,,
78,699544206,0,119,0,2,application_initialize,5,39971783,1,0x4,1,39968044,39968044,39968044,39968044
78,699544206,0,119,0,3,camera_render,77,544866939,22,0x4,10,544938947,54493894,58338640,51993481
78,699544206,0,119,0,4,pipeline_frame,0,29879,4,0x4,,,,,
78,699544206,0,119,0,5,pipeline_preprocess,6,45683036,7,0x2,8,255164261,31895532,115049999,66497695
78,699544206,0,119,0,6,pipeline_npu,7,50890912,127,0x2,4,648829134,162207283,256616120,120861466
78,699544206,0,119,0,7,pipeline_postprocess,2,17789496,4,0x4,8,17768024,2221003,9898645,499
78,699544206,0,119,0,8,ai_model_monitor,0,83853,10,0x4,,,,,
79,698861323,0,119,0,2,application_initialize,5,39920777,2,0x4,1,39924325,39924325,39924325,39924325
79,698861323,0,119,0,3,camera_render,77,544548161,24,0x4,10,544639519,54463951,58915513,58732495
79,698861323,0,119,0,4,pipeline_frame,0,29948,4,0x4,,,,,
79,698861323,0,119,0,5,pipeline_preprocess,6,46215629,6,0x2,8,255334528,31916816,113667766,67499822
79,698861323,0,119,0,6,pipeline_npu,7,49990043,127,0x2,4,749255411,187313852,357113536,68918599
79,698861323,0,119,0,7,pipeline_postprocess,2,17836202,4,0x4,8,17814155,2226769,9890773,499
79,698861323,0,119,0,8,ai_model_monitor,0,90633,11,0x4,,,,,
80,710170025,0,119,0,2,application_initialize,5,39867631,2,0x4,1,39872146,39872146,39872146,39872146
80,710170025,0,119,0,3,camera_render,77,548528824,16,0x4,10,548551387,54855138,58585614,58130157
80,710170025,0,119,0,4,pipeline_frame,0,31097,4,0x4,,,,,
80,710170025,0,119,0,5,pipeline_preprocess,6,46171303,10,0x2,9,195448324,21716480,114909062,532
80,710170025,0,119,0,6,pipeline_npu,8,57302121,132,0x2,4,713416995,178354248,257595593,129867151
80,710170025,0,119,0,7,pipeline_postprocess,2,17915197,4,0x4,8,17893235,2236654,9981499,499
80,710170025,0,119,0,8,ai_model_monitor,0,123035,11,0x4,,,,,
81,701569899,0,119,0,2,application_initialize,5,39766079,1,0x4,1,39762091,39762091,39762091,39762091
81,701569899,0,119,0,3,camera_render,77,546203976,24,0x4,10,546298454,54629845,58974504,58170207
81,701569899,0,119,0,4,pipeline_frame,0,30689,4,0x4,,,,,
81,701569899,0,119,0,5,pipeline_preprocess,6,46896348,7,0x2,8,139327875,17415984,113899084,475
81,701569899,0,119,0,6,pipeline_npu,7,50464265,127,0x2,4,698765895,174691473,304802014,121690955
81,701569899,0,119,0,7,pipeline_postprocess,2,17896692,4,0x4,8,17875685,2234460,9952573,499
81,701569899,0,119,0,8,ai_model_monitor,0,83571,10,0x4,,,,,
82,675286275,0,118,0,2,application_initialize,5,39661523,2,0x4,1,39666376,39666376,39666376,39666376
82,675286275,0,118,0,3,camera_render,80,542046447,23,0x4,10,542130654,54213065,59124171,52078866
82,675286275,0,118,0,4,pipeline_frame,0,23259,3,0x4,,,,,
82,675286275,0,118,0,5,pipeline_preprocess,3,23910782,7,0x4,8,194470014,24308751,114151309,505
82,675286275,0,118,0,6,pipeline_npu,7,51403132,128,0x4,4,764660908,191165227,309117163,130033871
82,675286275,0,118,0,7,pipeline_postprocess,2,17921970,4,0x4,8,17899901,2237487,9981034,499
82,675286275,0,118,0,8,ai_model_monitor,0,91026,11,0x4,,,,,
83,703599819,0,119,0,2,application_initialize,5,39668381,1,0x4,1,39666126,39666126,39666126,39666126
83,703599819,0,119,0,3,camera_render,77,548137594,24,0x4,10,548228249,54822824,59028921,58701702
83,703599819,0,119,0,4,pipeline_frame,0,30629,4,0x4,,,,,
83,703599819,0,119,0,5,pipeline_preprocess,6,46887537,6,0x2,6,148726587,24787764,74704187,499
83,703599819,0,119,0,6,pipeline_npu,7,50609987,126,0x4,4,694524298,173631074,300030710,121648174
83,703599819,0,119,0,7,pipeline_postprocess,2,17953650,4,0x4,8,17932229,2241528,10033669,475
83,703599819,0,119,0,8,ai_model_monitor,0,83121,10,0x4,,,,,
84,694389645,0,120,0,2,application_initialize,5,39657132,2,0x4,1,39664243,39664243,39664243,39664243
84,694389645,0,120,0,3,camera_render,79,549152871,24,0x4,10,549242726,54924272,58743703,57365130
84,694389645,0,120,0,4,pipeline_frame,0,30185,4,0x4,,,,,
84,694389645,0,120,0,5,pipeline_preprocess,5,36296288,5,0x4,8,255223112,31902889,106710356,499
84,694389645,0,120,0,6,pipeline_npu,7,51046567,126,0x4,4,645978208,161494552,308545178,11283824
84,694389645,0,120,0,7,pipeline_postprocess,2,17883441,4,0x4,8,17861827,2232728,9941506,499
84,694389645,0,120,0,8,ai_model_monitor,0,92862,11,0x4,,,,,
85,698905464,0,118,0,2,application_initialize,5,39608022,1,0x4,1,39604363,39604363,39604363,39604363
85,698905464,0,118,0,3,camera_render,78,545177030,16,0x4,10,545198290,54519829,59021784,58352675
85,698905464,0,118,0,4,pipeline_frame,0,30353,4,0x4,,,,,
85,698905464,0,118,0,5,pipeline_preprocess,6,46303609,10,0x4,8,157888069,19736008,73804778,505
85,698905464,0,118,0,6,pipeline_npu,6,48658672,129,0x4,4,756383167,189095791,362957345,121159004
85,698905464,0,118,0,7,pipeline_postprocess,2,17774321,6,0x4,8,17773244,2221655,9861250,499
85,698905464,0,118,0,8,ai_model_monitor,0,1126140,10,0x4,,,,,
86,655311606,0,119,0,2,application_initialize,6,39779957,2,0x4,1,39784883,39784883,39784883,39784883
86,655311606,0,119,0,3,camera_render,75,492342619,22,0x4,9,492432095,54714677,58561179,57335040
86,655311606,0,119,0,4,pipeline_frame,0,30452,4,0x4,,,,,
86,655311606,0,119,0,5,pipeline_preprocess,8,54271874,8,0x2,8,156192482,19524060,74243921,499
86,655311606,0,119,0,6,pipeline_npu,7,50784650,127,0x4,4,646555433,161638858,254751362,120161665
86,655311606,0,119,0,7,pipeline_postprocess,2,17788236,4,0x4,8,17766902,2220862,9857506,499
86,655311606,0,119,0,8,ai_model_monitor,0,84963,10,0x4,,,,,
87,706173168,0,120,0,2,application_initialize,5,39557295,2,0x4,1,39564259,39564259,39564259,39564259
87,706173168,0,120,0,3,camera_render,78,550820911,25,0x4,10,550919164,55091916,57992088,57469177
87,706173168,0,120,0,4,pipeline_frame,0,37456,5,0x4,,,,,
87,706173168,0,120,0,5,pipeline_preprocess,6,45603641,6,0x2,8,253215900,31651987,106308332,499
87,706173168,0,120,0,6,pipeline_npu,7,52018869,127,0x4,4,648624267,162156066,256118471,69207754
87,706173168,0,120,0,7,pipeline_postprocess,2,17807517,4,0x4,8,17786084,2223260,9860560,499
87,706173168,0,120,0,8,ai_model_monitor,0,94731,11,0x4,,,,,
88,640770396,0,118,0,2,application_initialize,6,39603606,2,0x4,1,39605776,39605776,39605776,39605776
88,640770396,0,118,0,3,camera_render,75,485607012,21,0x4,9,485682985,53964776,58307512,52727463
88,640770396,0,118,0,4,pipeline_frame,0,22752,3,0x4,,,,,
88,640770396,0,118,0,5,pipeline_preprocess,7,46588004,7,0x4,10,318324346,31832434,105904744,532
88,640770396,0,118,0,6,pipeline_npu,7,50863383,128,0x4,4,706914462,176728615,255104930,130540930
88,640770396,0,118,0,7,pipeline_postprocess,2,17775405,4,0x4,8,17753621,2219202,9844399,499
88,640770396,0,118,0,8,ai_model_monitor,0,83415,10,0x4,,,,,
89,701444397,0,119,0,2,application_initialize,5,39673468,1,0x4,1,39671221,39671221,39671221,39671221
89,701444397,0,119,0,3,camera_render,78,548416938,24,0x4,10,548508681,54850868,58179348,58179348
89,701444397,0,119,0,4,pipeline_frame,0,30922,4,0x4,,,,,
89,701444397,0,119,0,5,pipeline_preprocess,6,45249419,7,0x2,6,89715283,14952547,74247041,499
89,701444397,0,119,0,6,pipeline_npu,7,49936692,127,0x4,4,692580430,173145107,299227321,122332918
89,701444397,0,119,0,7,pipeline_postprocess,2,17826561,4,0x4,8,17804333,2225541,9895741,499
89,701444397,0,119,0,8,ai_model_monitor,0,82365,10,0x4,,,,,
90,688770898,0,121,0,2,application_initialize,5,39605379,2,0x4,1,39612448,39612448,39612448,39612448
90,688770898,0,121,0,3,camera_render,73,504883810,24,0x4,12,504489399,42040783,59344840,53032594
90,688770898,0,121,0,4,pipeline_frame,0,38743,5,0x4,,,,,
90,688770898,0,121,0,5,pipeline_preprocess,9,68360437,11,0x4,12,340078336,28339861,74777786,499
90,688770898,0,121,0,6,pipeline_npu,7,54007083,131,0x2,4,496092052,124023013,216898705,63223433
90,688770898,0,121,0,7,pipeline_postprocess,2,17941020,4,0x4,8,17920238,2240029,9973564,499
90,688770898,0,121,0,8,ai_model_monitor,0,3699648,11,0x4,,,,,
91,706516103,0,119,0,2,application_initialize,5,39766528,1,0x4,1,39762633,39762633,39762633,39762633
91,706516103,0,119,0,3,camera_render,78,552245166,22,0x4,10,552322086,55232208,59222433,52808629
91,706516103,0,119,0,4,pipeline_frame,0,30170,4,0x4,,,,,
91,706516103,0,119,0,5,pipeline_preprocess,6,47011691,6,0x2,6,83165900,13860983,67855877,475
91,706516103,0,119,0,6,pipeline_npu,6,49293746,127,0x4,4,764061393,191015348,368484700,121741760
91,706516103,0,119,0,7,pipeline_postprocess,2,17855250,4,0x4,8,17833652,2229206,9876898,499
91,706516103,0,119,0,8,ai_model_monitor,0,84621,10,0x4,,,,,
92,709583535,0,118,0,2,application_initialize,5,39609192,2,0x4,1,39612928,39612928,39612928,39612928
92,709583535,0,118,0,3,camera_render,78,555383494,24,0x4,10,555474611,55547461,59803725,58566736
92,709583535,0,118,0,4,pipeline_frame,0,30046,4,0x4,,,,,
92,709583535,0,118,0,5,pipeline_preprocess,6,45889308,6,0x2,7,257150035,36735719,115119541,67693232
92,709583535,0,118,0,6,pipeline_npu,7,50601494,126,0x4,4,704615324,176153831,363787399,65021350
92,709583535,0,118,0,7,pipeline_postprocess,2,17751417,4,0x4,8,17729117,2216139,9778981,499
92,709583535,0,118,0,8,ai_model_monitor,0,91077,11,0x4,,,,,
93,708447747,0,119,0,2,application_initialize,5,39868650,2,0x4,1,39874774,39874774,39874774,39874774
93,708447747,0,119,0,3,camera_render,78,553143542,24,0x4,10,553231900,55323190,59227968,53332288
93,708447747,0,119,0,4,pipeline_frame,0,30000,4,0x4,,,,,
93,708447747,0,119,0,5,pipeline_preprocess,6,45843959,6,0x2,8,255176564,31897070,114147785,67083673
93,708447747,0,119,0,6,pipeline_npu,7,51331672,126,0x2,4,715923688,178980922,317430760,70043581
93,708447747,0,119,0,7,pipeline_postprocess,2,17908410,4,0x4,8,17886620,2235827,9922138,499
93,708447747,0,119,0,8,ai_model_monitor,0,92466,11,0x4,,,,,
94,712152231,0,119,0,2,application_initialize,5,39873340,2,0x4,1,39875887,39875887,39875887,39875887
94,712152231,0,119,0,3,camera_render,77,551655655,16,0x4,10,551677118,55167711,59155437,59155437
94,712152231,0,119,0,4,pipeline_frame,0,30688,4,0x4,,,,,
94,712152231,0,119,0,5,pipeline_preprocess,6,45987776,9,0x2,9,254843745,28315971,114404849,532
94,712152231,0,119,0,6,pipeline_npu,7,56368232,132,0x2,4,767583873,191895968,309835754,131502748
94,712152231,0,119,0,7,pipeline_postprocess,2,17913825,4,0x4,8,17892203,2236525,9931258,499
94,712152231,0,119,0,8,ai_model_monitor,0,92982,11,0x4,,,,,
95,708624033,0,119,0,2,application_initialize,5,39661071,1,0x4,1,39657082,39657082,39657082,39657082
95,708624033,0,119,0,3,camera_render,78,552939371,22,0x4,10,553015679,55301567,59210455,52683550
95,708624033,0,119,0,4,pipeline_frame,0,29831,4,0x4,,,,,
95,708624033,0,119,0,5,pipeline_preprocess,6,45885552,7,0x2,7,257775113,36825016,115208168,68073113
95,708624033,0,119,0,6,pipeline_npu,7,51871271,128,0x2,4,652313377,163078344,257109593,70325420
95,708624033,0,119,0,7,pipeline_postprocess,2,17921745,4,0x4,8,17900540,2237567,9944665,499
95,708624033,0,119,0,8,ai_model_monitor,0,86262,10,0x4,,,,,
96,709920966,0,119,0,2,application_initialize,5,39867623,2,0x4,1,39871318,39871318,39871318,39871318
96,709920966,0,119,0,3,camera_render,78,553750839,24,0x4,10,553840620,55384062,59488210,52665085
96,709920966,0,119,0,4,pipeline_frame,0,30183,4,0x4,,,,,
96,709920966,0,119,0,5,pipeline_preprocess,6,46263380,6,0x2,8,257220219,32152527,114280370,68151761
96,709920966,0,119,0,6,pipeline_npu,7,51772253,127,0x2,4,709278286,177319571,311037866,69523753
96,709920966,0,119,0,7,pipeline_postprocess,2,17916033,4,0x4,8,17894285,2236785,9928903,499
96,709920966,0,119,0,8,ai_model_monitor,0,90909,11,0x4,,,,,
97,710103996,0,120,0,2,application_initialize,5,39874134,2,0x4,1,39876706,39876706,39876706,39876706
97,710103996,0,120,0,3,camera_render,77,553135020,24,0x4,10,553228985,55322898,59021404,52397434
97,710103996,0,120,0,4,pipeline_frame,0,30231,4,0x4,,,,,
97,710103996,0,120,0,5,pipeline_preprocess,6,47021216,6,0x2,9,251371697,27930188,114844561,475
97,710103996,0,120,0,6,pipeline_npu,7,51758462,127,0x4,4,709884465,177471116,311874854,122155147
97,710103996,0,120,0,7,pipeline_postprocess,2,17963772,4,0x4,8,17941703,2242712,9976129,499
97,710103996,0,120,0,8,ai_model_monitor,0,90255,11,0x4,,,,,
98,709204221,0,121,0,2,application_initialize,5,39661868,2,0x4,1,39664522,39664522,39664522,39664522
98,709204221,0,121,0,3,camera_render,77,551890857,19,0x4,10,551940606,55194060,59681505,58959270
98,709204221,0,121,0,4,pipeline_frame,0,30165,4,0x4,,,,,
98,709204221,0,121,0,5,pipeline_preprocess,6,45990359,9,0x2,8,197926265,24740783,114411509,475
98,709204221,0,121,0,6,pipeline_npu,7,53382669,132,0x2,4,700994104,175248526,362402674,11168174
98,709204221,0,121,0,7,pipeline_postprocess,2,17925727,4,0x4,8,17904545,2238068,9946465,475
98,709204221,0,121,0,8,ai_model_monitor,0,89779,11,0x4,,,,,
99,703517835,0,116,0,2,application_initialize,5,39602822,1,0x4,1,39598804,39598804,39598804,39598804
99,703517835,0,116,0,3,camera_render,78,554020730,23,0x4,10,554103924,55410392,59489728,53033575
99,703517835,0,116,0,4,pipeline_frame,0,30041,4,0x4,,,,,
99,703517835,0,116,0,5,pipeline_preprocess,6,45843791,7,0x2,7,257242573,36748939,114208279,68342411
99,703517835,0,116,0,6,pipeline_npu,6,45733882,124,0x2,4,711988337,177997084,313647988,70552666
99,703517835,0,116,0,7,pipeline_postprocess,2,17978265,4,0x4,8,17956865,2244608,10004404,499
99,703517835,0,116,0,8,ai_model_monitor,0,85215,10,0x4,,,,,
100,710235393,0,119,0,2,application_initialize,5,39926134,2,0x4,1,39929959,39929959,39929959,39929959
100,710235393,0,119,0,3,camera_render,78,554247586,24,0x4,10,554338459,55433845,59729218,52844740
100,710235393,0,119,0,4,pipeline_frame,0,30320,4,0x4,,,,,
100,710235393,0,119,0,5,pipeline_preprocess,6,46030301,7,0x2,8,199100999,24887624,114651539,68503850
100,710235393,0,119,0,6,pipeline_npu,7,51706429,128,0x2,4,709756535,177439133,312109376,69609508
100,710235393,0,119,0,7,pipeline_postprocess,2,17973594,4,0x4,8,17952401,2244050,9979636,499
100,710235393,0,119,0,8,ai_model_monitor,0,90462,11,0x4,,,,,
101,710262220,0,119,0,2,application_initialize,5,39873112,2,0x4,1,39875650,39875650,39875650,39875650
101,710262220,0,119,0,3,camera_render,78,554837963,21,0x4,10,554902784,55490278,59064396,58536118
101,710262220,0,119,0,4,pipeline_frame,0,30160,4,0x4,,,,,
101,710262220,0,119,0,5,pipeline_preprocess,6,45892164,6,0x2,8,256057884,32007235,114909463,67474958
101,710262220,0,119,0,6,pipeline_npu,7,51294359,128,0x2,4,764760121,191190030,365559586,123586228
101,710262220,0,119,0,7,pipeline_postprocess,2,17971518,4,0x4,8,17950268,2243783,9977608,499
101,710262220,0,119,0,8,ai_model_monitor,0,135054,11,0x4,,,,,
102,676798229,0,118,0,2,application_initialize,5,39978699,2,0x4,1,39983332,39983332,39983332,39983332
102,676798229,0,118,0,3,camera_render,80,546772746,22,0x4,10,546844859,54684485,59472169,58828378
102,676798229,0,118,0,4,pipeline_frame,0,23217,3,0x4,,,,,
102,676798229,0,118,0,5,pipeline_preprocess,3,24109688,6,0x2,7,187062540,26723220,114367805,499
102,676798229,0,118,0,6,pipeline_npu,7,50127520,125,0x2,3,693338807,231112935,310145546,251452070
102,676798229,0,118,0,7,pipeline_postprocess,2,15481066,3,0x4,6,15464985,2577497,9980014,475
102,676798229,0,118,0,8,ai_model_monitor,0,79311,10,0x4,,,,,
103,642196728,0,74,0,2,application_initialize,6,39657092,2,0x4,1,39660990,39660990,39660990,39660990
103,642196728,0,74,0,3,camera_render,76,492654747,21,0x4,9,497917688,55324187,64444579,52427094
103,642196728,0,74,0,4,pipeline_frame,0,5209562,3,0x4,,,,,
103,642196728,0,74,0,5,pipeline_preprocess,5,37544751,6,0x4,8,254838699,31854837,105329770,499
103,642196728,0,74,0,6,pipeline_npu,8,54151280,83,0x4,4,714773346,178693336,256625183,256625183
103,642196728,0,74,0,7,pipeline_postprocess,1,12747153,4,0x4,8,12725576,1590697,4759996,475
103,642196728,0,74,0,8,ai_model_monitor,0,83700,10,0x4,,,,,
104,640222693,0,113,0,2,application_initialize,6,39615673,1,0x4,1,39613423,39613423,39613423,39613423
104,640222693,0,113,0,3,camera_render,78,499752868,19,0x4,9,499811758,55534639,59401653,53168784
104,640222693,0,113,0,4,pipeline_frame,0,31009,4,0x4,,,,,
104,640222693,0,113,0,5,pipeline_preprocess,7,45333208,10,0x4,8,152861768,19107721,74973440,499
104,640222693,0,113,0,6,pipeline_npu,6,40280209,123,0x2,3,510083177,170027725,229907743,69308381
104,640222693,0,113,0,7,pipeline_postprocess,2,14909434,4,0x4,6,14904519,2484086,7678009,499
104,640222693,0,113,0,8,ai_model_monitor,0,80772,10,0x4,,,,,
105,699838277,0,115,0,2,application_initialize,5,39549175,1,0x4,1,39545419,39545419,39545419,39545419
105,699838277,0,115,0,3,camera_render,78,547608033,24,0x4,10,547700319,54770031,58836171,57802161
105,699838277,0,115,0,4,pipeline_frame,0,30971,4,0x4,,,,,
105,699838277,0,115,0,5,pipeline_preprocess,5,39762999,6,0x4,6,149201494,24866915,74134868,475
105,699838277,0,115,0,6,pipeline_npu,7,54868389,124,0x4,4,762415876,190603969,352937525,69677806
105,699838277,0,115,0,7,pipeline_postprocess,2,17714155,4,0x4,8,17692433,2211554,8145709,475
105,699838277,0,115,0,8,ai_model_monitor,0,82434,10,0x4,,,,,
106,703461849,0,120,0,2,application_initialize,5,39556180,2,0x4,1,39558895,39558895,39558895,39558895
106,703461849,0,120,0,3,camera_render,77,547281764,24,0x4,10,547374403,54737440,58802485,58636413
106,703461849,0,120,0,4,pipeline_frame,0,30371,4,0x4,,,,,
106,703461849,0,120,0,5,pipeline_preprocess,6,46339715,7,0x4,8,210760595,26345074,74149223,475
106,703461849,0,120,0,6,pipeline_npu,7,51943361,128,0x4,4,702086609,175521652,300967840,121098139
106,703461849,0,120,0,7,pipeline_postprocess,2,17988564,4,0x4,8,17967791,2245973,8140759,475
106,703461849,0,120,0,8,ai_model_monitor,0,91848,11,0x4,,,,,
107,657070839,0,117,0,2,application_initialize,6,39602448,1,0x4,1,39598551,39598551,39598551,39598551
107,657070839,0,117,0,3,camera_render,75,497953571,18,0x4,10,496787304,49678730,59036377,59036377
107,657070839,0,117,0,4,pipeline_frame,0,30071,4,0x4,,,,,
107,657070839,0,117,0,5,pipeline_preprocess,7,51760708,10,0x2,7,268598485,38371212,75224831,67811785
107,657070839,0,117,0,6,pipeline_npu,7,49453647,126,0x2,4,651471817,162867954,300559361,121280948
107,657070839,0,117,0,7,pipeline_postprocess,2,17960940,6,0x4,8,17960009,2245001,8155966,499
107,657070839,0,117,0,8,ai_model_monitor,0,85272,10,0x4,,,,,
108,704599224,0,120,0,2,application_initialize,5,39919791,1,0x4,1,39916140,39916140,39916140,39916140
108,704599224,0,120,0,3,camera_render,78,551324126,20,0x4,10,551376861,55137686,59217913,58833045
108,704599224,0,120,0,4,pipeline_frame,0,30956,4,0x4,,,,,
108,704599224,0,120,0,5,pipeline_preprocess,5,39039541,9,0x4,9,195974116,21774901,74658491,475
108,704599224,0,120,0,6,pipeline_npu,7,56024747,131,0x4,4,710909973,177727493,301892261,69114865
108,704599224,0,120,0,7,pipeline_postprocess,2,17947605,4,0x4,8,17926340,2240792,8191834,499
108,704599224,0,120,0,8,ai_model_monitor,0,82821,10,0x4,,,,,
109,705165324,0,118,0,2,application_initialize,5,39556643,2,0x4,1,39560286,39560286,39560286,39560286
109,705165324,0,118,0,3,camera_render,77,550000863,24,0x4,10,550088886,55008888,58805502,57879679
109,705165324,0,118,0,4,pipeline_frame,0,29925,4,0x4,,,,,
109,705165324,0,118,0,5,pipeline_preprocess,6,46259118,6,0x2,6,201748317,33624719,74305820,499
109,705165324,0,118,0,6,pipeline_npu,7,51192926,126,0x4,4,705956253,176489063,300694804,69948380
109,705165324,0,118,0,7,pipeline_postprocess,2,17808908,4,0x4,8,17787662,2223457,8143639,499
109,705165324,0,118,0,8,ai_model_monitor,0,91167,11,0x4,,,,,
110,703713780,0,119,0,2,application_initialize,5,39556757,2,0x4,1,39559228,39559228,39559228,39559228
110,703713780,0,119,0,3,camera_render,77,548885764,24,0x4,10,548979431,54897943,58833721,58833721
110,703713780,0,119,0,4,pipeline_frame,0,30074,4,0x4,,,,,
110,703713780,0,119,0,5,pipeline_preprocess,6,46263623,6,0x2,8,308574517,38571814,106579879,499
110,703713780,0,119,0,6,pipeline_npu,7,50783706,125,0x4,4,703091443,175772860,301608572,121258826
110,703713780,0,119,0,7,pipeline_postprocess,2,17872662,4,0x4,8,17851463,2231432,8139526,499
110,703713780,0,119,0,8,ai_model_monitor,0,92373,11,0x4,,,,,
111,707475249,0,119,0,2,application_initialize,5,39656154,1,0x4,1,39652062,39652062,39652062,39652062
111,707475249,0,119,0,3,camera_render,78,551910675,16,0x4,10,551925027,55192502,59230069,59230069
111,707475249,0,119,0,4,pipeline_frame,0,29982,4,0x4,,,,,
111,707475249,0,119,0,5,pipeline_preprocess,6,45608126,9,0x2,8,307994247,38499280,107290103,499
111,707475249,0,119,0,6,pipeline_npu,7,50997936,129,0x4,4,707080822,176770205,301630631,69537665
111,707475249,0,119,0,7,pipeline_postprocess,2,17966442,6,0x4,8,17964938,2245617,8155108,499
111,707475249,0,119,0,8,ai_model_monitor,0,1078188,11,0x4,,,,,
112,663853089,0,119,0,2,application_initialize,5,39713960,1,0x4,1,39710266,39710266,39710266,39710266
112,663853089,0,119,0,3,camera_render,75,501676034,19,0x4,9,501730460,55747828,59738331,59396725
112,663853089,0,119,0,4,pipeline_frame,0,30106,4,0x4,,,,,
112,663853089,0,119,0,5,pipeline_preprocess,7,51840555,9,0x2,9,378357811,42039756,107725885,68210645
112,663853089,0,119,0,6,pipeline_npu,7,52219784,131,0x4,4,657157246,164289311,303035282,69609827
112,663853089,0,119,0,7,pipeline_postprocess,2,18058948,4,0x4,8,18036755,2254594,8197465,499
112,663853089,0,119,0,8,ai_model_monitor,0,85728,10,0x4,,,,,
113,699390081,0,118,0,2,application_initialize,5,39814176,1,0x4,1,39811932,39811932,39811932,39811932
113,699390081,0,118,0,3,camera_render,78,549087924,23,0x4,10,549170716,54917071,59133844,52785516
113,699390081,0,118,0,4,pipeline_frame,0,23286,3,0x4,,,,,
113,699390081,0,118,0,5,pipeline_preprocess,5,39106527,6,0x2,7,187869012,26838430,75006446,532
113,699390081,0,118,0,6,pipeline_npu,7,53006510,127,0x2,3,644720627,214906875,303395261,209244757
113,699390081,0,118,0,7,pipeline_postprocess,2,18041628,4,0x4,8,18019604,2252450,8191717,499
113,699390081,0,118,0,8,ai_model_monitor,0,83994,10,0x4,,,,,
114,702967191,0,119,0,2,application_initialize,5,39610742,2,0x4,1,39613771,39613771,39613771,39613771
114,702967191,0,119,0,3,camera_render,79,556365265,24,0x4,10,556457756,55645775,59575027,59531320
114,702967191,0,119,0,4,pipeline_frame,0,30976,4,0x4,,,,,
114,702967191,0,119,0,5,pipeline_preprocess,5,36886973,7,0x4,8,252789903,31598737,105312038,532
114,702967191,0,119,0,6,pipeline_npu,7,54181482,126,0x4,4,768235575,192058893,255114896,210373466
114,702967191,0,119,0,7,pipeline_postprocess,2,15576355,3,0x4,6,15559955,2593325,8200669,475
114,702967191,0,119,0,8,ai_model_monitor,0,87462,11,0x4,,,,,
115,695724267,0,74,0,2,application_initialize,5,39655551,1,0x4,1,39651856,39651856,39651856,39651856
115,695724267,0,74,0,3,camera_render,78,546808948,15,0x4,10,552005433,55200543,64498555,52920036
115,695724267,0,74,0,4,pipeline_frame,0,5209412,3,0x4,,,,,
115,695724267,0,74,0,5,pipeline_preprocess,6,46175972,11,0x4,8,220074008,27509251,75369350,499
115,695724267,0,74,0,6,pipeline_npu,6,44756213,84,0x2,3,437797415,145932471,202378046,63800080
115,695724267,0,74,0,7,pipeline_postprocess,1,12890238,5,0x4,8,12879254,1609906,4869880,475
115,695724267,0,74,0,8,ai_model_monitor,0,80652,10,0x4,,,,,
116,699448641,0,103,0,2,application_initialize,5,39610561,2,0x4,1,39616432,39616432,39616432,39616432
116,699448641,0,103,0,3,camera_render,79,555123858,24,0x4,10,555218019,55521801,59658237,53664397
116,699448641,0,103,0,4,pipeline_frame,0,30521,4,0x4,,,,,
116,699448641,0,103,0,5,pipeline_preprocess,6,45474707,6,0x2,5,136902904,27380580,67445957,67445957
116,699448641,0,103,0,6,pipeline_npu,6,45744436,110,0x2,4,879591560,219897890,363896882,124238969
116,699448641,0,103,0,7,pipeline_postprocess,1,13174008,3,0x4,6,13157433,2192905,7663963,499
116,699448641,0,103,0,8,ai_model_monitor,0,91980,11,0x4,,,,,
117,714154104,0,119,0,2,application_initialize,5,39873371,2,0x4,1,39875854,39875854,39875854,39875854
117,714154104,0,119,0,3,camera_render,77,554226113,19,0x4,10,554274042,55427404,59228613,59191734
117,714154104,0,119,0,4,pipeline_frame,0,30689,4,0x4,,,,,
117,714154104,0,119,0,5,pipeline_preprocess,6,45912874,9,0x2,9,255437971,28381996,114609659,532
117,714154104,0,119,0,6,pipeline_npu,7,55786457,130,0x2,4,770941284,192735321,310811791,132405479
117,714154104,0,119,0,7,pipeline_postprocess,2,18005739,4,0x4,8,17983643,2247955,10015762,475
117,714154104,0,119,0,8,ai_model_monitor,0,89106,11,0x4,,,,,
118,714813282,0,119,0,2,application_initialize,5,39714203,1,0x4,1,39710182,39710182,39710182,39710182
118,714813282,0,119,0,3,camera_render,77,555051423,18,0x4,10,555087391,55508739,59856054,59856054
118,714813282,0,119,0,4,pipeline_frame,0,30885,4,0x4,,,,,
118,714813282,0,119,0,5,pipeline_preprocess,6,45956212,11,0x2,8,197370059,24671257,115037855,532
118,714813282,0,119,0,6,pipeline_npu,7,55737462,130,0x2,4,713734846,178433711,257066576,132105649
118,714813282,0,119,0,7,pipeline_postprocess,2,18003474,7,0x4,8,18011087,2251385,10013080,499
118,714813282,0,119,0,8,ai_model_monitor,0,89550,11,0x4,,,,,
119,712886571,0,120,0,2,application_initialize,5,39766005,1,0x4,1,39762265,39762265,39762265,39762265
119,712886571,0,120,0,3,camera_render,77,555667500,23,0x4,10,555751020,55575102,59447083,53567611
119,712886571,0,120,0,4,pipeline_frame,0,30377,4,0x4,,,,,
119,712886571,0,120,0,5,pipeline_preprocess,6,46805952,7,0x2,8,252669083,31583635,115449650,475
119,712886571,0,120,0,6,pipeline_npu,7,52253356,128,0x4,4,654756712,163689178,258371444,70430714
119,712886571,0,120,0,7,pipeline_postprocess,2,18047764,4,0x4,8,18026312,2253289,10048288,499
119,712886571,0,120,0,8,ai_model_monitor,0,84564,10,0x4,,,,,
120,715346214,0,118,0,2,application_initialize,5,39662714,2,0x4,1,39665800,39665800,39665800,39665800
120,715346214,0,118,0,3,camera_render,77,555491645,24,0x4,10,555579165,55557916,59878110,59878110
120,715346214,0,118,0,4,pipeline_frame,0,31097,4,0x4,,,,,
120,715346214,0,118,0,5,pipeline_preprocess,6,45980924,7,0x2,8,256594308,32074288,114993278,532
120,715346214,0,118,0,6,pipeline_npu,7,55926085,128,0x2,4,772945002,193236250,312961097,131811658
120,715346214,0,118,0,7,pipeline_postprocess,2,17937306,4,0x4,8,17916005,2239500,9934804,475
120,715346214,0,118,0,8,ai_model_monitor,0,88665,11,0x4,,,,,
121,657120993,0,119,0,2,application_initialize,6,39662160,2,0x4,1,39667651,39667651,39667651,39667651
121,657120993,0,119,0,3,camera_render,76,501729687,22,0x4,9,501817428,55757492,59559660,53703028
121,657120993,0,119,0,4,pipeline_frame,0,30521,4,0x4,,,,,
121,657120993,0,119,0,5,pipeline_preprocess,6,45574736,8,0x4,10,274258904,27425890,115759814,499
121,657120993,0,119,0,6,pipeline_npu,7,51786991,129,0x4,4,600926628,150231657,255500939,70595350
121,657120993,0,119,0,7,pipeline_postprocess,2,18018966,4,0x4,8,17997872,2249734,10023649,499
121,657120993,0,119,0,8,ai_model_monitor,0,87573,10,0x4,,,,,
122,664498753,0,74,0,2,application_initialize,5,39662730,2,0x4,1,39666897,39666897,39666897,39666897
122,664498753,0,74,0,3,camera_render,82,545950611,18,0x4,10,545988934,54598893,59507007,53293491
122,664498753,0,74,0,4,pipeline_frame,0,15359,2,0x4,,,,,
122,664498753,0,74,0,5,pipeline_preprocess,2,15097424,4,0x4,4,71988353,17997088,65491285,475
122,664498753,0,74,0,6,pipeline_npu,7,47966154,83,0x2,3,754462160,251487386,365429344,258209174
122,664498753,0,74,0,7,pipeline_postprocess,2,15580657,3,0x4,6,15564144,2594024,10088512,475
122,664498753,0,74,0,8,ai_model_monitor,0,79086,10,0x4,,,,,
123,695881077,0,113,0,2,application_initialize,5,39552298,2,0x4,1,39554416,39554416,39554416,39554416
123,695881077,0,113,0,3,camera_render,79,555347852,24,0x4,10,555439402,55543940,59992086,52918782
123,695881077,0,113,0,4,pipeline_frame,0,30689,4,0x4,,,,,
123,695881077,0,113,0,5,pipeline_preprocess,6,46440827,7,0x4,8,158880125,19860015,75355970,499
123,695881077,0,113,0,6,pipeline_npu,5,39246284,119,0x4,3,556799272,185599757,282423178,63804983
123,695881077,0,113,0,7,pipeline_postprocess,2,14958583,3,0x4,6,14942847,2490474,7666366,499
123,695881077,0,113,0,8,ai_model_monitor,0,85500,11,0x4,,,,,
124,653907071,0,113,0,2,application_initialize,6,39554695,1,0x4,1,39551245,39551245,39551245,39551245
124,653907071,0,113,0,3,camera_render,76,499946612,21,0x4,9,500020597,55557844,58933839,58631479
124,653907071,0,113,0,4,pipeline_frame,0,30319,4,0x4,,,,,
124,653907071,0,113,0,5,pipeline_preprocess,7,47203220,6,0x2,5,151077076,30215415,74525681,67732340
124,653907071,0,113,0,6,pipeline_npu,7,49032675,123,0x4,4,771661173,192915293,419329811,70196062
124,653907071,0,113,0,7,pipeline_postprocess,2,17838967,4,0x4,8,17817101,2227137,8197816,499
124,653907071,0,113,0,8,ai_model_monitor,0,82845,10,0x4,,,,,
125,650931807,0,119,0,2,application_initialize,6,39767310,1,0x4,1,39765346,39765346,39765346,39765346
125,650931807,0,119,0,3,camera_render,76,495263941,19,0x4,9,495320311,55035590,58791913,58791913
125,650931807,0,119,0,4,pipeline_frame,0,30308,4,0x4,,,,,
125,650931807,0,119,0,5,pipeline_preprocess,7,46211006,7,0x2,8,196781390,24597673,74206985,67546064
125,650931807,0,119,0,6,pipeline_npu,7,51490543,128,0x2,4,651283980,162820995,302424932,69206827
125,650931807,0,119,0,7,pipeline_postprocess,2,17715869,4,0x4,8,17694218,2211777,8144398,499
125,650931807,0,119,0,8,ai_model_monitor,0,226388,10,0x4,,,,,
126,700754598,0,119,0,2,application_initialize,5,39819594,1,0x4,1,39815850,39815850,39815850,39815850
126,700754598,0,119,0,3,camera_render,77,545487977,24,0x4,10,545578410,54557841,58284093,57401763
126,700754598,0,119,0,4,pipeline_frame,0,29765,4,0x4,,,,,
126,700754598,0,119,0,5,pipeline_preprocess,6,45456392,6,0x2,8,252842417,31605302,73869506,66315535
126,700754598,0,119,0,6,pipeline_npu,7,51836008,127,0x2,4,701986169,175496542,300233825,69151063
126,700754598,0,119,0,7,pipeline_postprocess,2,17813250,4,0x4,8,17791709,2223963,8144245,499
126,700754598,0,119,0,8,ai_model_monitor,0,84867,10,0x4,,,,,
127,651328357,0,119,0,2,application_initialize,6,39819957,2,0x4,1,39824194,39824194,39824194,39824194
127,651328357,0,119,0,3,camera_render,75,495003711,22,0x4,9,495091203,55010133,58942347,57717160
127,651328357,0,119,0,4,pipeline_frame,0,30342,4,0x4,,,,,
127,651328357,0,119,0,5,pipeline_preprocess,7,46707624,6,0x2,8,196073807,24509225,74130998,66867995
127,651328357,0,119,0,6,pipeline_npu,7,51705919,128,0x4,4,650588933,162647233,299742071,69957635
127,651328357,0,119,0,7,pipeline_postprocess,2,17747185,4,0x4,8,17724980,2215622,8147644,499
127,651328357,0,119,0,8,ai_model_monitor,0,85647,10,0x4,,,,,
128,701456468,0,119,0,2,application_initialize,5,39763348,2,0x4,1,39769909,39769909,39769909,39769909
128,701456468,0,119,0,3,camera_render,77,546051845,24,0x4,10,546140908,54614090,58965084,58965084
128,701456468,0,119,0,4,pipeline_frame,0,29969,4,0x4,,,,,
128,701456468,0,119,0,5,pipeline_preprocess,6,46133130,6,0x2,8,255436388,31929548,74119349,67761604
128,701456468,0,119,0,6,pipeline_npu,7,51399810,126,0x2,4,700738839,175184709,300816029,120500836
128,701456468,0,119,0,7,pipeline_postprocess,2,17759654,4,0x4,8,17738561,2217320,8141128,499
128,701456468,0,119,0,8,ai_model_monitor,0,90642,11,0x4,,,,,
129,646807413,0,119,0,2,application_initialize,6,39866387,1,0x4,1,39862771,39862771,39862771,39862771
129,646807413,0,119,0,3,camera_render,76,494822651,18,0x4,9,494875645,54986182,58796616,58144129
129,646807413,0,119,0,4,pipeline_frame,0,30176,4,0x4,,,,,
129,646807413,0,119,0,5,pipeline_preprocess,7,45404401,10,0x2,8,196674142,24584267,74175125,66960026
129,646807413,0,119,0,6,pipeline_npu,7,48582724,128,0x4,4,647416869,161854217,300887998,69150898
129,646807413,0,119,0,7,pipeline_postprocess,2,17783796,6,0x4,8,17783251,2222906,8138938,468
129,646807413,0,119,0,8,ai_model_monitor,0,88035,10,0x4,,,,,
130,704178348,0,121,0,2,application_initialize,5,39819518,1,0x4,1,39817623,39817623,39817623,39817623
130,704178348,0,121,0,3,camera_render,77,547095692,24,0x4,10,547188860,54718886,58855179,57563709
130,704178348,0,121,0,4,pipeline_frame,0,30878,4,0x4,,,,,
130,704178348,0,121,0,5,pipeline_preprocess,5,39753901,7,0x4,9,195255708,21695078,74030975,475
130,704178348,0,121,0,6,pipeline_npu,8,59312940,130,0x4,4,709458464,177364616,300256010,69419228
130,704178348,0,121,0,7,pipeline_postprocess,2,17847039,4,0x4,8,17825063,2228132,8146132,499
130,704178348,0,121,0,8,ai_model_monitor,0,86103,10,0x4,,,,,
131,702020491,0,119,0,2,application_initialize,5,39556677,2,0x4,1,39559294,39559294,39559294,39559294
131,702020491,0,119,0,3,camera_render,77,547223436,24,0x4,10,547315013,54731501,58956463,58620588
131,702020491,0,119,0,4,pipeline_frame,0,30273,4,0x4,,,,,
131,702020491,0,119,0,5,pipeline_preprocess,6,46191923,7,0x4,8,210322709,26290338,74256881,475
131,702020491,0,119,0,6,pipeline_npu,7,50885291,127,0x4,4,701848715,175462178,300980480,120917558
131,702020491,0,119,0,7,pipeline_postprocess,2,17812514,4,0x4,8,17791538,2223942,8141269,499
131,702020491,0,119,0,8,ai_model_monitor,0,91011,11,0x4,,,,,
132,702178502,0,119,0,2,application_initialize,5,39602615,1,0x4,1,39598882,39598882,39598882,39598882
132,702178502,0,119,0,3,camera_render,77,547664024,15,0x4,10,547675380,54767538,58391496,58202121
132,702178502,0,119,0,4,pipeline_frame,0,30296,4,0x4,,,,,
132,702178502,0,119,0,5,pipeline_preprocess,6,45556314,11,0x4,8,208648742,26081092,74537411,475
132,702178502,0,119,0,6,pipeline_npu,7,51266534,130,0x4,4,702408067,175602016,300172880,121360394
132,702178502,0,119,0,7,pipeline_postprocess,2,17747892,5,0x4,8,17736416,2217052,8156158,499
132,702178502,0,119,0,8,ai_model_monitor,0,82785,10,0x4,,,,,
133,652987014,0,118,0,2,application_initialize,6,39661685,2,0x4,1,39665340,39665340,39665340,39665340
133,652987014,0,118,0,3,camera_render,75,496136155,22,0x4,9,496229426,55136602,58708968,57507351
133,652987014,0,118,0,4,pipeline_frame,0,30679,4,0x4,,,,,
133,652987014,0,118,0,5,pipeline_preprocess,7,52232144,9,0x2,8,151840237,18980029,74304035,475
133,652987014,0,118,0,6,pipeline_npu,7,46712402,127,0x2,4,647933490,161983372,300196537,122452303
133,652987014,0,118,0,7,pipeline_postprocess,2,17900530,4,0x4,8,17878481,2234810,8145598,475
133,652987014,0,118,0,8,ai_model_monitor,0,86622,10,0x4,,,,,
134,700641903,0,118,0,2,application_initialize,5,39551439,2,0x4,1,39555867,39555867,39555867,39555867
134,700641903,0,118,0,3,camera_render,77,545467922,24,0x4,10,545558186,54555818,58836580,58836580
134,700641903,0,118,0,4,pipeline_frame,0,30145,4,0x4,,,,,
134,700641903,0,118,0,5,pipeline_preprocess,6,46206050,6,0x2,7,255905485,36557926,74116604,67619482
134,700641903,0,118,0,6,pipeline_npu,7,51296113,125,0x2,4,699858949,174964737,300685466,120148303
134,700641903,0,118,0,7,pipeline_postprocess,2,17771729,4,0x4,8,17750246,2218780,8141212,499
134,700641903,0,118,0,8,ai_model_monitor,0,92340,11,0x4,,,,,
135,648951792,0,119,0,2,application_initialize,6,39868102,2,0x4,1,39872719,39872719,39872719,39872719
135,648951792,0,119,0,3,camera_render,76,493665408,17,0x4,9,493703960,54855995,58886801,58298233
135,648951792,0,119,0,4,pipeline_frame,0,30236,4,0x4,,,,,
135,648951792,0,119,0,5,pipeline_preprocess,6,45273381,8,0x2,8,254198573,31774821,73924385,67083077
135,648951792,0,119,0,6,pipeline_npu,8,52035427,130,0x4,4,649305980,162326495,300179717,68718614
135,648951792,0,119,0,7,pipeline_postprocess,2,17768016,5,0x4,8,17755187,2219398,8149237,499
135,648951792,0,119,0,8,ai_model_monitor,0,82893,10,0x4,,,,,
136,702048456,0,119,0,2,application_initialize,5,39767007,1,0x4,1,39764961,39764961,39764961,39764961
136,702048456,0,119,0,3,camera_render,78,548051756,20,0x4,10,548106718,54810671,58867272,57549403
136,702048456,0,119,0,4,pipeline_frame,0,30607,4,0x4,,,,,
136,702048456,0,119,0,5,pipeline_preprocess,5,39565172,8,0x2,7,186425773,26632253,74156669,532
136,702048456,0,119,0,6,pipeline_npu,8,56452520,129,0x2,4,709031569,177257892,299929097,69486305
136,702048456,0,119,0,7,pipeline_postprocess,2,17865960,5,0x4,8,17855216,2231902,8146162,475
136,702048456,0,119,0,8,ai_model_monitor,0,85971,10,0x4,,,,,
137,707193801,0,119,0,2,application_initialize,5,39556292,2,0x4,1,39560080,39560080,39560080,39560080
137,707193801,0,119,0,3,camera_render,77,546278145,24,0x4,10,546371195,54637119,58841725,58589899
137,707193801,0,119,0,4,pipeline_frame,0,29742,4,0x4,,,,,
137,707193801,0,119,0,5,pipeline_preprocess,7,52352923,7,0x2,9,374780914,41642323,106150583,67363981
137,707193801,0,119,0,6,pipeline_npu,7,50918873,126,0x2,4,700102593,175025648,300304834,120701230
137,707193801,0,119,0,7,pipeline_postprocess,2,17735394,4,0x4,8,17714483,2214310,8145451,499
137,707193801,0,119,0,8,ai_model_monitor,0,93465,11,0x4,,,,,
138,695343066,0,119,0,2,application_initialize,5,39925585,2,0x4,1,39930213,39930213,39930213,39930213
138,695343066,0,119,0,3,camera_render,77,540565956,23,0x4,10,540654405,54065440,58703902,57594453
138,695343066,0,119,0,4,pipeline_frame,0,23289,3,0x4,,,,,
138,695343066,0,119,0,5,pipeline_preprocess,5,38971512,6,0x2,7,185592184,26513169,74123753,532
138,695343066,0,119,0,6,pipeline_npu,8,57778676,127,0x2,4,702631416,175657854,300236114,11275469
138,695343066,0,119,0,7,pipeline_postprocess,2,17757226,4,0x4,8,17735759,2216969,8144911,499
138,695343066,0,119,0,8,ai_model_monitor,0,91485,11,0x4,,,,,
139,651366939,0,119,0,2,application_initialize,6,39549608,1,0x4,1,39545581,39545581,39545581,39545581
139,651366939,0,119,0,3,camera_render,76,495463575,19,0x4,9,495522519,55058057,58890975,58132338
139,651366939,0,119,0,4,pipeline_frame,0,30288,4,0x4,,,,,
139,651366939,0,119,0,5,pipeline_preprocess,7,46468957,8,0x2,8,196596032,24574504,107216093,532
139,651366939,0,119,0,6,pipeline_npu,7,51615503,126,0x4,4,708644495,177161123,358055393,69372920
139,651366939,0,119,0,7,pipeline_postprocess,2,17925535,6,0x4,8,17925566,2240695,8146102,475
139,651366939,0,119,0,8,ai_model_monitor,0,85566,10,0x4,,,,,
140,700624989,0,119,0,2,application_initialize,5,39555296,1,0x4,1,39551551,39551551,39551551,39551551
140,700624989,0,119,0,3,camera_render,77,545914260,24,0x4,10,546005839,54600583,58610221,57966030
140,700624989,0,119,0,4,pipeline_frame,0,30407,4,0x4,,,,,
140,700624989,0,119,0,5,pipeline_preprocess,6,46248156,7,0x2,8,196830278,24603784,74473277,499
140,700624989,0,119,0,6,pipeline_npu,7,50787615,126,0x4,4,700937458,175234364,300350738,120750083
140,700624989,0,119,0,7,pipeline_postprocess,2,17778545,4,0x4,8,17756720,2219590,8141257,499
140,700624989,0,119,0,8,ai_model_monitor,0,82626,10,0x4,,,,,
141,707024979,0,119,0,2,application_initialize,5,39603975,2,0x4,1,39609469,39609469,39609469,39609469
141,707024979,0,119,0,3,camera_render,78,552090015,25,0x4,10,552187144,55218714,58746855,58449808
141,707024979,0,119,0,4,pipeline_frame,0,37182,5,0x4,,,,,
141,707024979,0,119,0,5,pipeline_preprocess,6,45256004,6,0x2,8,305718930,38214866,106452050,499
141,707024979,0,119,0,6,pipeline_npu,7,51975649,127,0x4,4,648591318,162147829,299540264,68777989
141,707024979,0,119,0,7,pipeline_postprocess,2,17738976,4,0x4,8,17717786,2214723,8138305,499
141,707024979,0,119,0,8,ai_model_monitor,0,94509,11,0x4,,,,,
142,650103870,0,119,0,2,application_initialize,6,39609074,2,0x4,1,39611725,39611725,39611725,39611725
142,650103870,0,119,0,3,camera_render,75,489186616,16,0x4,9,489220651,54357850,58461708,58019850
142,650103870,0,119,0,4,pipeline_frame,0,23264,3,0x4,,,,,
142,650103870,0,119,0,5,pipeline_preprocess,7,45826934,8,0x2,8,305800604,38225075,106824707,532
142,650103870,0,119,0,6,pipeline_npu,8,56793186,129,0x4,4,708400836,177100209,299638819,69325285
142,650103870,0,119,0,7,pipeline_postprocess,2,17831388,5,0x4,8,17818088,2227261,8155249,499
142,650103870,0,119,0,8,ai_model_monitor,0,609235,10,0x4,,,,,
143,701042922,0,119,0,2,application_initialize,5,39602862,1,0x4,1,39599269,39599269,39599269,39599269
143,701042922,0,119,0,3,camera_render,77,544873076,24,0x4,10,544966976,54496697,58741559,58447545
143,701042922,0,119,0,4,pipeline_frame,0,30359,4,0x4,,,,,
143,701042922,0,119,0,5,pipeline_preprocess,6,46086594,7,0x2,8,195881979,24485247,74022563,499
143,701042922,0,119,0,6,pipeline_npu,7,52328240,127,0x4,4,700918327,175229581,299744870,69623588
143,701042922,0,119,0,7,pipeline_postprocess,2,17806915,4,0x4,8,17784858,2223107,8147491,475
143,701042922,0,119,0,8,ai_model_monitor,0,85902,10,0x4,,,,,
144,705986754,0,119,0,2,application_initialize,5,39551739,2,0x4,1,39557337,39557337,39557337,39557337
144,705986754,0,119,0,3,camera_render,78,551066519,25,0x4,10,551165168,55116516,58551826,58551826
144,705986754,0,119,0,4,pipeline_frame,0,37403,5,0x4,,,,,
144,705986754,0,119,0,5,pipeline_preprocess,6,45526097,6,0x2,8,253561886,31695235,106068314,499
144,705986754,0,119,0,6,pipeline_npu,7,51676500,127,0x4,4,647636963,161909240,298845440,68704298
144,705986754,0,119,0,7,pipeline_postprocess,2,17801958,4,0x4,8,17780354,2222544,8144056,499
144,705986754,0,119,0,8,ai_model_monitor,0,95595,11,0x4,,,,,
145,657412896,0,119,0,2,application_initialize,6,39608602,2,0x4,1,39611407,39611407,39611407,39611407
145,657412896,0,119,0,3,camera_render,75,495043232,19,0x4,9,495103473,55011497,58915389,58495689
145,657412896,0,119,0,4,pipeline_frame,0,30173,4,0x4,,,,,
145,657412896,0,119,0,5,pipeline_preprocess,7,51886321,7,0x2,9,374093777,41565975,106979930,67295870
145,657412896,0,119,0,6,pipeline_npu,8,52656912,132,0x4,4,650991136,162747784,300127607,69159095
145,657412896,0,119,0,7,pipeline_postprocess,2,17875017,4,0x4,8,17853212,2231651,8139403,475
145,657412896,0,119,0,8,ai_model_monitor,0,85797,10,0x4,,,,,
146,654155061,0,119,0,2,application_initialize,6,39820415,2,0x4,1,39827109,39827109,39827109,39827109
146,654155061,0,119,0,3,camera_render,76,498504272,17,0x4,9,498544641,55393849,58907217,58325125
146,654155061,0,119,0,4,pipeline_frame,0,30295,4,0x4,,,,,
146,654155061,0,119,0,5,pipeline_preprocess,6,45774954,8,0x2,8,197335730,24666966,74822567,67100411
146,654155061,0,119,0,6,pipeline_npu,7,51681847,129,0x4,4,654345521,163586380,301104053,69772600
146,654155061,0,119,0,7,pipeline_postprocess,2,18034374,6,0x4,8,18032579,2254072,8208967,499
146,654155061,0,119,0,8,ai_model_monitor,0,83448,10,0x4,,,,,
147,643006770,0,118,0,2,application_initialize,6,39766815,1,0x4,1,39764830,39764830,39764830,39764830
147,643006770,0,118,0,3,camera_render,76,493626205,20,0x4,9,493692704,54854744,58969804,52429344
147,643006770,0,118,0,4,pipeline_frame,0,22893,3,0x4,,,,,
147,643006770,0,118,0,5,pipeline_preprocess,6,39745463,8,0x4,9,254112017,28234668,74274293,532
147,643006770,0,118,0,6,pipeline_npu,8,51461659,127,0x4,4,716592111,179148027,301563920,131614180
147,643006770,0,118,0,7,pipeline_postprocess,2,18075594,4,0x4,8,18054260,2256782,8197621,475
147,643006770,0,118,0,8,ai_model_monitor,0,84237,10,0x4,,,,,
148,703647495,0,119,0,2,application_initialize,5,39569651,1,0x4,1,39567462,39567462,39567462,39567462
148,703647495,0,119,0,3,camera_render,78,552688862,24,0x4,10,552781011,55278101,59203545,59203545
148,703647495,0,119,0,4,pipeline_frame,0,30966,4,0x4,,,,,
148,703647495,0,119,0,5,pipeline_preprocess,5,37664225,6,0x4,6,147106544,24517757,75108995,532
148,703647495,0,119,0,6,pipeline_npu,7,55293301,127,0x2,3,635494610,211831536,295071176,210625423
148,703647495,0,119,0,7,pipeline_postprocess,2,18087090,4,0x4,8,18065708,2258213,8192182,475
148,703647495,0,119,0,8,ai_model_monitor,0,83580,10,0x4,,,,,
149,645488118,0,74,0,2,application_initialize,6,39604733,2,0x4,1,39606886,39606886,39606886,39606886
149,645488118,0,74,0,3,camera_render,76,492614188,21,0x4,9,492692377,54743597,59018142,52664925
149,645488118,0,74,0,4,pipeline_frame,0,23012,3,0x4,,,,,
149,645488118,0,74,0,5,pipeline_preprocess,7,46291730,7,0x4,8,214187770,26773471,74975957,532
149,645488118,0,74,0,6,pipeline_npu,7,51152795,82,0x4,4,713764036,178441009,263033306,210441116
149,645488118,0,74,0,7,pipeline_postprocess,2,15574633,3,0x4,6,15558018,2593003,8195155,475
149,645488118,0,74,0,8,ai_model_monitor,0,81066,10,0x4,,,,,
150,698606809,0,104,0,2,application_initialize,5,39450559,2,0x4,1,39455423,39455423,39455423,39455423
150,698606809,0,104,0,3,camera_render,79,554453241,17,0x4,10,559664213,55966421,64057497,52948654
150,698606809,0,104,0,4,pipeline_frame,0,5217157,4,0x4,,,,,
150,698606809,0,104,0,5,pipeline_preprocess,6,46009416,8,0x2,5,136096748,27219349,67314848,67314848
150,698606809,0,104,0,6,pipeline_npu,5,41260893,114,0x4,3,497632838,165877612,224949998,64414838
150,698606809,0,104,0,7,pipeline_postprocess,1,7989477,3,0x4,6,7972836,1328806,3006817,499
150,698606809,0,104,0,8,ai_model_monitor,0,4024332,11,0x4,,,,,
151,706774034,0,118,0,2,application_initialize,5,39972538,1,0x4,1,39968962,39968962,39968962,39968962
151,706774034,0,118,0,3,camera_render,78,551989149,24,0x4,10,552075908,55207590,59250112,59159536
151,706774034,0,118,0,4,pipeline_frame,0,29715,4,0x4,,,,,
151,706774034,0,118,0,5,pipeline_preprocess,6,45955331,6,0x2,8,257669568,32208696,114821117,68093906
151,706774034,0,118,0,6,pipeline_npu,7,50543562,127,0x2,4,818168122,204542030,420108367,70402240
151,706774034,0,118,0,7,pipeline_postprocess,2,17974059,4,0x4,8,17952365,2244045,9983425,499
151,706774034,0,118,0,8,ai_model_monitor,0,82446,10,0x4,,,,,
152,708160992,0,119,0,2,application_initialize,5,39872593,2,0x4,1,39877681,39877681,39877681,39877681
152,708160992,0,119,0,3,camera_render,78,552578724,24,0x4,10,552666769,55266676,59197885,59119312
152,708160992,0,119,0,4,pipeline_frame,0,30041,4,0x4,,,,,
152,708160992,0,119,0,5,pipeline_preprocess,6,46286681,6,0x2,8,257420251,32177531,115064377,67877176
152,708160992,0,119,0,6,pipeline_npu,7,51072209,127,0x2,4,707635185,176908796,310929091,69475964
152,708160992,0,119,0,7,pipeline_postprocess,2,18000405,4,0x4,8,17978609,2247326,10001599,499
152,708160992,0,119,0,8,ai_model_monitor,0,91320,11,0x4,,,,,
153,685803132,0,118,0,2,application_initialize,5,39920531,2,0x4,1,39924628,39924628,39924628,39924628
153,685803132,0,118,0,3,camera_render,79,548204729,19,0x4,10,548249822,54824982,58799950,58499796
153,685803132,0,118,0,4,pipeline_frame,0,23153,3,0x4,,,,,
153,685803132,0,118,0,5,pipeline_preprocess,3,24407336,6,0x2,7,187788083,26826869,115673347,499
153,685803132,0,118,0,6,pipeline_npu,7,54334132,127,0x4,4,767176513,191794128,312228782,69810008
153,685803132,0,118,0,7,pipeline_postprocess,2,17901441,6,0x4,8,17899931,2237491,9919708,499
153,685803132,0,118,0,8,ai_model_monitor,0,784623,10,0x4,,,,,
154,700593642,0,119,0,2,application_initialize,5,39656912,2,0x4,1,39664225,39664225,39664225,39664225
154,700593642,0,119,0,3,camera_render,78,551130759,24,0x4,10,551214641,55121464,59540266,59092477
154,700593642,0,119,0,4,pipeline_frame,0,30337,4,0x4,,,,,
154,700593642,0,119,0,5,pipeline_preprocess,6,46653513,6,0x2,8,256406223,32050777,107861138,499
154,700593642,0,119,0,6,pipeline_npu,6,47354592,125,0x2,3,637040014,212346671,310222108,256095254
154,700593642,0,119,0,7,pipeline_postprocess,2,15452080,3,0x4,6,15435837,2572639,10000213,475
154,700593642,0,119,0,8,ai_model_monitor,0,87192,11,0x4,,,,,
155,640301202,0,75,0,2,application_initialize,6,39709763,2,0x4,1,39714442,39714442,39714442,39714442
155,640301202,0,75,0,3,camera_render,76,491228733,19,0x4,9,491291904,54587989,59143775,52638235
155,640301202,0,75,0,4,pipeline_frame,0,22971,3,0x4,,,,,
155,640301202,0,75,0,5,pipeline_preprocess,5,37264880,8,0x4,8,195579316,24447414,105113959,499
155,640301202,0,75,0,6,pipeline_npu,7,47888087,84,0x2,4,660194541,165048635,215694302,203517502
155,640301202,0,75,0,7,pipeline_postprocess,2,17960865,4,0x4,8,17938841,2242355,9979720,475
155,640301202,0,75,0,8,ai_model_monitor,0,6075360,10,0x4,,,,,
156,642445422,0,112,0,2,application_initialize,6,39602595,1,0x4,1,39598810,39598810,39598810,39598810
156,642445422,0,112,0,3,camera_render,77,499835855,17,0x4,9,505060768,56117863,63428226,52967517
156,642445422,0,112,0,4,pipeline_frame,0,5217413,4,0x4,,,,,
156,642445422,0,112,0,5,pipeline_preprocess,7,46156727,10,0x4,8,212348064,26543508,75023609,499
156,642445422,0,112,0,6,pipeline_npu,6,41622891,121,0x4,3,563903657,187967885,277609436,69771088
156,642445422,0,112,0,7,pipeline_postprocess,1,9721417,5,0x4,6,9726273,1621045,4759492,499
156,642445422,0,112,0,8,ai_model_monitor,0,73173,9,0x4,,,,,
157,700237341,0,118,0,2,application_initialize,5,39551489,2,0x4,1,39556375,39556375,39556375,39556375
157,700237341,0,118,0,3,camera_render,79,553815398,24,0x4,10,553905107,55390510,59390211,58918128
157,700237341,0,118,0,4,pipeline_frame,0,30314,4,0x4,,,,,
157,700237341,0,118,0,5,pipeline_preprocess,5,39258963,5,0x4,6,151491065,25248510,74711306,475
157,700237341,0,118,0,6,pipeline_npu,7,49410415,125,0x4,4,701877277,175469319,348824804,11288366
157,700237341,0,118,0,7,pipeline_postprocess,2,17854246,4,0x4,8,17832869,2229108,7644049,499
157,700237341,0,118,0,8,ai_model_monitor,0,89538,11,0x4,,,,,
158,703412691,0,115,0,2,application_initialize,5,39556391,2,0x4,1,39559156,39559156,39559156,39559156
158,703412691,0,115,0,3,camera_render,78,550431377,24,0x4,10,550521064,55052106,58877593,58150012
158,703412691,0,115,0,4,pipeline_frame,0,29865,4,0x4,,,,,
158,703412691,0,115,0,5,pipeline_preprocess,6,46104359,6,0x2,6,202278633,33713105,74070536,499
158,703412691,0,115,0,6,pipeline_npu,7,49247471,124,0x2,4,765229363,191307340,362309552,69925349
158,703412691,0,115,0,7,pipeline_postprocess,2,17731482,4,0x4,8,17709926,2213740,8145292,499
158,703412691,0,115,0,8,ai_model_monitor,0,91020,11,0x4,,,,,
159,656142378,0,119,0,2,application_initialize,6,39555531,1,0x4,1,39551563,39551563,39551563,39551563
159,656142378,0,119,0,3,camera_render,75,494140829,19,0x4,9,494199283,54911031,58605040,58605040
159,656142378,0,119,0,4,pipeline_frame,0,30197,4,0x4,,,,,
159,656142378,0,119,0,5,pipeline_preprocess,7,52269494,8,0x2,9,315648156,35072017,106855228,67405685
159,656142378,0,119,0,6,pipeline_npu,7,52132513,130,0x2,4,649716150,162429037,301226107,69438458
159,656142378,0,119,0,7,pipeline_postprocess,2,17698460,4,0x4,8,17676809,2209601,8138317,499
159,656142378,0,119,0,8,ai_model_monitor,0,85722,10,0x4,,,,,
160,647803752,0,119,0,2,application_initialize,6,39819560,1,0x4,1,39815725,39815725,39815725,39815725
160,647803752,0,119,0,3,camera_render,76,492433473,22,0x4,9,492520049,54724449,58423252,58423252
160,647803752,0,119,0,4,pipeline_frame,0,30127,4,0x4,,,,,
160,647803752,0,119,0,5,pipeline_preprocess,6,45293606,6,0x2,8,253725750,31715718,73736690,67184378
160,647803752,0,119,0,6,pipeline_npu,8,52160810,128,0x4,4,647843350,161960837,300204140,68772941
160,647803752,0,119,0,7,pipeline_postprocess,2,17754031,4,0x4,8,17732117,2216514,8144323,499
160,647803752,0,119,0,8,ai_model_monitor,0,78552,9,0x4,,,,,
161,650197293,0,121,0,2,application_initialize,6,39710030,2,0x4,1,39716113,39716113,39716113,39716113
161,650197293,0,121,0,3,camera_render,75,493642427,22,0x4,9,493727153,54858572,58517463,57785754
161,650197293,0,121,0,4,pipeline_frame,0,30395,4,0x4,,,,,
161,650197293,0,121,0,5,pipeline_preprocess,7,45816168,7,0x2,9,196199568,21799952,73904936,475
161,650197293,0,121,0,6,pipeline_npu,8,52924247,131,0x4,4,649664631,162416157,299600983,69114592
161,650197293,0,121,0,7,pipeline_postprocess,2,17755726,4,0x4,8,17733692,2216711,8147992,499
161,650197293,0,121,0,8,ai_model_monitor,0,85176,10,0x4,,,,,
162,699870675,0,117,0,2,application_initialize,5,39503918,2,0x4,1,39510919,39510919,39510919,39510919
162,699870675,0,117,0,3,camera_render,77,544599315,24,0x4,10,544688507,54468850,58469260,58469260
162,699870675,0,117,0,4,pipeline_frame,0,30119,4,0x4,,,,,
162,699870675,0,117,0,5,pipeline_preprocess,6,45866702,6,0x2,7,254115325,36302189,73833725,67341301
162,699870675,0,117,0,6,pipeline_npu,7,51763287,124,0x2,4,700424814,175106203,299533814,69595684
162,699870675,0,117,0,7,pipeline_postprocess,2,17789814,4,0x4,8,17767955,2220994,8145628,499
162,699870675,0,117,0,8,ai_model_monitor,0,91080,11,0x4,,,,,
163,689394333,0,118,0,2,application_initialize,5,39819715,2,0x4,1,39824800,39824800,39824800,39824800
163,689394333,0,118,0,3,camera_render,78,542242646,18,0x4,10,542279423,54227942,58947733,58596199
163,689394333,0,118,0,4,pipeline_frame,0,23276,3,0x4,,,,,
163,689394333,0,118,0,5,pipeline_preprocess,5,39398106,7,0x2,7,185417760,26488251,74039168,532
163,689394333,0,118,0,6,pipeline_npu,7,52254987,125,0x2,3,690611397,230203799,300690203,259044407
163,689394333,0,118,0,7,pipeline_postprocess,2,15352518,5,0x4,6,15357663,2559610,8156017,475
163,689394333,0,118,0,8,ai_model_monitor,0,78685,10,0x4,,,,,
164,691890834,0,74,0,2,application_initialize,5,39608308,2,0x4,1,39613414,39613414,39613414,39613414
164,691890834,0,74,0,3,camera_render,77,538126950,23,0x4,10,543395314,54339531,63441480,51932982
164,691890834,0,74,0,4,pipeline_frame,0,5209691,3,0x4,,,,,
164,691890834,0,74,0,5,pipeline_preprocess,5,37484900,7,0x4,8,250511871,31313983,105049078,532
164,691890834,0,74,0,6,pipeline_npu,8,58614219,84,0x4,4,764727628,191181907,256161236,209397314
164,691890834,0,74,0,7,pipeline_postprocess,1,12610756,4,0x4,8,12589274,1573659,4695322,475
164,691890834,0,74,0,8,ai_model_monitor,0,88392,11,0x4,,,,,
165,705231324,0,119,0,2,application_initialize,5,39669144,1,0x4,1,39667123,39667123,39667123,39667123
165,705231324,0,119,0,3,camera_render,77,546148874,19,0x4,10,551381091,55138109,63437973,51746532
165,705231324,0,119,0,4,pipeline_frame,0,5217302,4,0x4,,,,,
165,705231324,0,119,0,5,pipeline_preprocess,6,45571432,9,0x4,8,212643702,26580462,74051675,499
165,705231324,0,119,0,6,pipeline_npu,7,50080861,127,0x2,3,433070428,144356809,194940190,62982661
165,705231324,0,119,0,7,pipeline_postprocess,2,17755157,4,0x4,8,17734316,2216789,9851551,475
165,705231324,0,119,0,8,ai_model_monitor,0,561168,11,0x4,,,,,
166,691487139,0,103,0,2,application_initialize,5,39712829,1,0x4,1,39709081,39709081,39709081,39709081
166,691487139,0,103,0,3,camera_render,78,545873202,24,0x4,10,551154245,55115424,63589738,51846220
166,691487139,0,103,0,4,pipeline_frame,0,5217404,4,0x4,,,,,
166,691487139,0,103,0,5,pipeline_preprocess,6,46019984,7,0x4,8,214356694,26794586,73891334,499
166,691487139,0,103,0,6,pipeline_npu,6,46438141,112,0x4,4,817052010,204263002,313706890,68855011
166,691487139,0,103,0,7,pipeline_postprocess,1,7940915,3,0x4,6,7925061,1320843,2952544,499
166,691487139,0,103,0,8,ai_model_monitor,0,85071,10,0x4,,,,,
167,700274778,0,119,0,2,application_initialize,5,39609192,2,0x4,1,39613236,39613236,39613236,39613236
167,700274778,0,119,0,3,camera_render,78,546386760,22,0x4,10,546466882,54646688,59015964,58349098
167,700274778,0,119,0,4,pipeline_frame,0,30264,4,0x4,,,,,
167,700274778,0,119,0,5,pipeline_preprocess,6,45974238,7,0x2,5,83247006,16649401,67505536,67505536
167,700274778,0,119,0,6,pipeline_npu,7,50130357,127,0x2,4,757983215,189495803,306618787,70219180
167,700274778,0,119,0,7,pipeline_postprocess,2,17824620,4,0x4,8,17803625,2225453,8138836,499
167,700274778,0,119,0,8,ai_model_monitor,0,89886,11,0x4,,,,,
168,700570749,0,119,0,2,application_initialize,5,39813398,1,0x4,1,39809659,39809659,39809659,39809659
168,700570749,0,119,0,3,camera_render,77,546118476,24,0x4,10,546210564,54621056,58408189,58321852
168,700570749,0,119,0,4,pipeline_frame,0,30146,4,0x4,,,,,
168,700570749,0,119,0,5,pipeline_preprocess,6,46010318,6,0x2,8,254437680,31804710,113671295,67109900
168,700570749,0,119,0,6,pipeline_npu,7,50580504,126,0x2,4,700114582,175028645,260502469,68619610
168,700570749,0,119,0,7,pipeline_postprocess,2,17705397,4,0x4,8,17683739,2210467,8141995,499
168,700570749,0,119,0,8,ai_model_monitor,0,84768,10,0x4,,,,,
169,703040772,0,120,0,2,application_initialize,5,39872894,2,0x4,1,39877573,39877573,39877573,39877573
169,703040772,0,120,0,3,camera_render,77,546171423,24,0x4,10,546266042,54626604,58020921,52519783
169,703040772,0,120,0,4,pipeline_frame,0,30814,4,0x4,,,,,
169,703040772,0,120,0,5,pipeline_preprocess,6,47170664,7,0x2,9,139029166,15447685,113888329,475
169,703040772,0,120,0,6,pipeline_npu,7,51688405,129,0x4,4,650087913,162521978,260346167,69283171
169,703040772,0,120,0,7,pipeline_postprocess,2,17778949,4,0x4,8,17756135,2219516,8144203,499
169,703040772,0,120,0,8,ai_model_monitor,0,94728,11,0x4,,,,,
170,699885126,0,118,0,2,application_initialize,5,39602826,1,0x4,1,39598963,39598963,39598963,39598963
170,699885126,0,118,0,3,camera_render,77,544839693,21,0x4,10,544903237,54490323,58395114,52026286
170,699885126,0,118,0,4,pipeline_frame,0,30370,4,0x4,,,,,
170,699885126,0,118,0,5,pipeline_preprocess,6,46005503,8,0x2,7,196631185,28090169,113911970,67282961
170,699885126,0,118,0,6,pipeline_npu,7,51321116,129,0x2,4,700998067,175249516,302537662,69587771
170,699885126,0,118,0,7,pipeline_postprocess,2,17775402,4,0x4,8,17753807,2219225,8146771,499
170,699885126,0,118,0,8,ai_model_monitor,0,83406,10,0x4,,,,,
171,701623536,0,119,0,2,application_initialize,5,39868002,2,0x4,1,39871768,39871768,39871768,39871768
171,701623536,0,119,0,3,camera_render,78,547509123,24,0x4,10,547599608,54759960,58101471,52097949
171,701623536,0,119,0,4,pipeline_frame,0,30336,4,0x4,,,,,
171,701623536,0,119,0,5,pipeline_preprocess,6,45760937,7,0x2,8,195768475,24471059,113629855,66826706
171,701623536,0,119,0,6,pipeline_npu,7,50335823,128,0x2,4,701874490,175468622,303641786,68982031
171,701623536,0,119,0,7,pipeline_postprocess,2,17799833,4,0x4,8,17778107,2222263,8138020,499
171,701623536,0,119,0,8,ai_model_monitor,0,90747,11,0x4,,,,,
172,701458515,0,119,0,2,application_initialize,5,39867593,2,0x4,1,39870739,39870739,39870739,39870739
172,701458515,0,119,0,3,camera_render,77,545355302,17,0x4,10,545384658,54538465,59091603,59091603
172,701458515,0,119,0,4,pipeline_frame,0,30359,4,0x4,,,,,
172,701458515,0,119,0,5,pipeline_preprocess,6,46180798,8,0x2,9,196342146,21815794,113829257,475
172,701458515,0,119,0,6,pipeline_npu,7,51923347,129,0x2,4,752097135,188024283,353629328,69133967
172,701458515,0,119,0,7,pipeline_postprocess,2,17782335,6,0x4,8,17780222,2222527,8158525,499
172,701458515,0,119,0,8,ai_model_monitor,0,89556,11,0x4,,,,,
173,702144264,0,119,0,2,application_initialize,5,39608057,1,0x4,1,39604099,39604099,39604099,39604099
173,702144264,0,119,0,3,camera_render,77,547369391,23,0x4,10,547453954,54745395,58549165,51821443
173,702144264,0,119,0,4,pipeline_frame,0,30026,4,0x4,,,,,
173,702144264,0,119,0,5,pipeline_preprocess,6,46199249,7,0x2,7,256029965,36575709,114995960,67209479
173,702144264,0,119,0,6,pipeline_npu,7,50805766,127,0x2,4,650991576,162747894,260919659,68650547
173,702144264,0,119,0,7,pipeline_postprocess,2,17814630,4,0x4,8,17793047,2224130,8141476,499
173,702144264,0,119,0,8,ai_model_monitor,0,86892,10,0x4,,,,,
174,701116146,0,119,0,2,application_initialize,5,39872913,2,0x4,1,39876817,39876817,39876817,39876817
174,701116146,0,119,0,3,camera_render,77,546477705,24,0x4,10,546569408,54656940,59297371,58711409
174,701116146,0,119,0,4,pipeline_frame,0,30593,4,0x4,,,,,
174,701116146,0,119,0,5,pipeline_preprocess,6,46880933,6,0x2,9,197335857,21926206,113956097,475
174,701116146,0,119,0,6,pipeline_npu,7,49738929,126,0x2,4,751958879,187989719,301133618,69492590
174,701116146,0,119,0,7,pipeline_postprocess,2,17796150,4,0x4,8,17774822,2221852,8145613,499
174,701116146,0,119,0,8,ai_model_monitor,0,89490,11,0x4,,,,,
175,680261190,0,118,0,2,application_initialize,5,39609407,2,0x4,1,39613894,39613894,39613894,39613894
175,680261190,0,118,0,3,camera_render,79,541590800,21,0x4,10,541659695,54165969,58290736,57965985
175,680261190,0,118,0,4,pipeline_frame,0,23261,3,0x4,,,,,
175,680261190,0,118,0,5,pipeline_preprocess,3,24273029,6,0x2,6,186076834,31012805,114641518,475
175,680261190,0,118,0,6,pipeline_npu,8,56584544,127,0x4,4,761899306,190474826,305033837,69245762
175,680261190,0,118,0,7,pipeline_postprocess,2,17871435,4,0x4,8,17849624,2231203,8144293,499
175,680261190,0,118,0,8,ai_model_monitor,0,82371,10,0x4,,,,,
176,701751381,0,119,0,2,application_initialize,5,39609955,2,0x4,1,39617047,39617047,39617047,39617047
176,701751381,0,119,0,3,camera_render,77,546649938,24,0x4,10,546743025,54674302,59191110,58685522
176,701751381,0,119,0,4,pipeline_frame,0,30586,4,0x4,,,,,
176,701751381,0,119,0,5,pipeline_preprocess,6,46725465,7,0x2,8,197403283,24675410,107611351,499
176,701751381,0,119,0,6,pipeline_npu,7,50665279,127,0x4,4,701428466,175357116,259342639,69860639
176,701751381,0,119,0,7,pipeline_postprocess,2,17746359,4,0x4,8,17725076,2215634,8146483,499
176,701751381,0,119,0,8,ai_model_monitor,0,94044,11,0x4,,,,,
177,707297319,0,120,0,2,application_initialize,5,39605480,2,0x4,1,39612538,39612538,39612538,39612538
177,707297319,0,120,0,3,camera_render,78,552581688,24,0x4,10,552672306,55267230,59140006,59140006
177,707297319,0,120,0,4,pipeline_frame,0,37310,5,0x4,,,,,
177,707297319,0,120,0,5,pipeline_preprocess,6,45282164,7,0x2,8,254372396,31796549,106333573,499
177,707297319,0,120,0,6,pipeline_npu,7,51707554,127,0x4,4,648490792,162122698,260793446,69115220
177,707297319,0,120,0,7,pipeline_postprocess,2,17757245,4,0x4,8,17735747,2216968,8139730,499
177,707297319,0,120,0,8,ai_model_monitor,0,94005,11,0x4,,,,,
178,703816670,0,118,0,2,application_initialize,5,39608280,1,0x4,1,39604414,39604414,39604414,39604414
178,703816670,0,118,0,3,camera_render,77,544005329,21,0x4,10,544072034,54407203,59141434,58773402
178,703816670,0,118,0,4,pipeline_frame,0,23289,3,0x4,,,,,
178,703816670,0,118,0,5,pipeline_preprocess,6,45545342,8,0x2,8,253621636,31702704,107522365,475
178,703816670,0,118,0,6,pipeline_npu,8,56329214,129,0x4,4,762922326,190730581,305773736,69963229
178,703816670,0,118,0,7,pipeline_postprocess,2,17994284,4,0x4,8,17972708,2246588,8199142,499
178,703816670,0,118,0,8,ai_model_monitor,0,82464,10,0x4,,,,,
179,698047653,0,119,0,2,application_initialize,5,39605585,2,0x4,1,39612291,39612291,39612291,39612291
179,698047653,0,119,0,3,camera_render,79,552635602,24,0x4,10,552723772,55272377,58590525,57908802
179,698047653,0,119,0,4,pipeline_frame,0,30289,4,0x4,,,,,
179,698047653,0,119,0,5,pipeline_preprocess,5,36221201,6,0x4,8,196595109,24574388,74816441,499
179,698047653,0,119,0,6,pipeline_npu,7,51298121,126,0x4,4,706845964,176711491,320954828,69199559
179,698047653,0,119,0,7,pipeline_postprocess,2,17938602,4,0x4,8,17916749,2239593,8194072,499
179,698047653,0,119,0,8,ai_model_monitor,0,90444,11,0x4,,,,,
180,640358946,0,90,0,2,application_initialize,6,39568973,1,0x4,1,39566868,39566868,39566868,39566868
180,640358946,0,90,0,3,camera_render,77,493385808,20,0x4,9,493458905,54828767,59219827,53529360
180,640358946,0,90,0,4,pipeline_frame,0,22101,3,0x4,,,,,
180,640358946,0,90,0,5,pipeline_preprocess,7,45963361,7,0x4,8,216678021,27084752,74588897,499
180,640358946,0,90,0,6,pipeline_npu,7,45802096,96,0x4,3,637871040,212623680,322441052,322441052
180,640358946,0,90,0,7,pipeline_postprocess,2,15358897,3,0x4,6,15343005,2557167,8197609,475
180,640358946,0,90,0,8,ai_model_monitor,0,81675,10,0x4,,,,,
181,685577523,0,102,0,2,application_initialize,5,39444136,1,0x4,1,39442096,39442096,39442096,39442096
181,685577523,0,102,0,3,camera_render,80,550534768,24,0x4,10,550630315,55063031,59091508,53620006
181,685577523,0,102,0,4,pipeline_frame,0,30737,4,0x4,,,,,
181,685577523,0,102,0,5,pipeline_preprocess,6,45908054,7,0x4,8,157998198,19749774,74540975,499
181,685577523,0,102,0,6,pipeline_npu,5,39592677,108,0x2,3,435831564,145277188,201517774,63581449
181,685577523,0,102,0,7,pipeline_postprocess,1,9784471,3,0x4,6,9768531,1628088,4797379,499
181,685577523,0,102,0,8,ai_model_monitor,0,82683,10,0x4,,,,,
182,698473095,0,109,0,2,application_initialize,5,39498021,2,0x4,1,39500263,39500263,39500263,39500263
182,698473095,0,109,0,3,camera_render,79,552376756,17,0x4,10,552405324,55240532,59815317,58045989
182,698473095,0,109,0,4,pipeline_frame,0,30909,4,0x4,,,,,
182,698473095,0,109,0,5,pipeline_preprocess,5,39964397,8,0x4,6,206729221,34454870,74925818,561
182,698473095,0,109,0,6,pipeline_npu,6,45976344,121,0x4,4,887649237,221912309,413515994,131732212
182,698473095,0,109,0,7,pipeline_postprocess,2,17953812,5,0x4,8,17940632,2242579,8210167,475
182,698473095,0,109,0,8,ai_model_monitor,0,2463201,10,0x4,,,,,
183,651644436,0,118,0,2,application_initialize,6,39716034,2,0x4,1,39718978,39718978,39718978,39718978
183,651644436,0,118,0,3,camera_render,76,495458746,20,0x4,9,495523472,55058163,59828413,52401351
183,651644436,0,118,0,4,pipeline_frame,0,22865,3,0x4,,,,,
183,651644436,0,118,0,5,pipeline_preprocess,7,46408184,7,0x4,8,268563645,33570455,74662169,532
183,651644436,0,118,0,6,pipeline_npu,7,51731485,128,0x4,4,714387212,178596803,298708309,132353638
183,651644436,0,118,0,7,pipeline_postprocess,2,17998026,5,0x4,8,17987945,2248493,8193553,475
183,651644436,0,118,0,8,ai_model_monitor,0,83247,10,0x4,,,,,
184,701550705,0,119,0,2,application_initialize,5,39571598,2,0x4,1,39576844,39576844,39576844,39576844
184,701550705,0,119,0,3,camera_render,78,551550499,24,0x4,10,551640042,55164004,58857156,58809843
184,701550705,0,119,0,4,pipeline_frame,0,30863,4,0x4,,,,,
184,701550705,0,119,0,5,pipeline_preprocess,5,37398980,6,0x4,6,147009976,24501662,74736089,532
184,701550705,0,119,0,6,pipeline_npu,7,54593096,127,0x2,3,633794444,211264814,293895134,208762793
184,701550705,0,119,0,7,pipeline_postprocess,2,18088665,4,0x4,8,18065759,2258219,8191492,499
184,701550705,0,119,0,8,ai_model_monitor,0,87900,11,0x4,,,,,
185,702522657,0,119,0,2,application_initialize,5,39608930,2,0x4,1,39611236,39611236,39611236,39611236
185,702522657,0,119,0,3,camera_render,77,547803033,23,0x4,10,547887730,54788773,58108947,57773097
185,702522657,0,119,0,4,pipeline_frame,0,29990,4,0x4,,,,,
185,702522657,0,119,0,5,pipeline_preprocess,6,45923658,6,0x4,8,214564895,26820611,74372507,499
185,702522657,0,119,0,6,pipeline_npu,7,50835088,128,0x2,4,703427031,175856757,263500429,263500429
185,702522657,0,119,0,7,pipeline_postprocess,2,18002046,4,0x4,8,17980403,2247550,8143975,499
185,702522657,0,119,0,8,ai_model_monitor,0,91992,11,0x4,,,,,
186,663685482,0,120,0,2,application_initialize,5,39607374,1,0x4,1,39603738,39603738,39603738,39603738
186,663685482,0,120,0,3,camera_render,74,497217552,20,0x4,9,497285949,55253994,58837369,58317525
186,663685482,0,120,0,4,pipeline_frame,0,30019,4,0x4,,,,,
186,663685482,0,120,0,5,pipeline_preprocess,8,54737921,8,0x2,8,216279027,27034878,74490845,499
186,663685482,0,120,0,6,pipeline_npu,8,53499197,128,0x4,5,721772834,144354566,260745998,69617174
186,663685482,0,120,0,7,pipeline_postprocess,2,17998809,4,0x4,8,17975444,2246930,8146294,499
186,663685482,0,120,0,8,ai_model_monitor,0,364062,10,0x4,,,,,
187,697542339,0,119,0,2,application_initialize,5,39556272,1,0x4,1,39552681,39552681,39552681,39552681
187,697542339,0,119,0,3,camera_render,79,551912077,23,0x4,10,551998369,55199836,59534964,58997622
187,697542339,0,119,0,4,pipeline_frame,0,30559,4,0x4,,,,,
187,697542339,0,119,0,5,pipeline_preprocess,5,36941089,7,0x4,8,196939737,24617467,74344304,499
187,697542339,0,119,0,6,pipeline_npu,7,50780154,127,0x4,4,647285623,161821405,300780158,11159570
187,697542339,0,119,0,7,pipeline_postprocess,2,18010344,4,0x4,8,17988917,2248614,8144290,499
187,697542339,0,119,0,8,ai_model_monitor,0,85443,10,0x4,,,,,
188,701871294,0,118,0,2,application_initialize,5,39551506,2,0x4,1,39554035,39554035,39554035,39554035
188,701871294,0,118,0,3,camera_render,78,548683556,24,0x4,10,548774068,54877406,58913755,58127466
188,701871294,0,118,0,4,pipeline_frame,0,30049,4,0x4,,,,,
188,701871294,0,118,0,5,pipeline_preprocess,6,46107356,6,0x4,8,268843194,33605399,74459675,499
188,701871294,0,118,0,6,pipeline_npu,6,49107083,125,0x2,3,641998382,213999460,361061552,211804148
188,701871294,0,118,0,7,pipeline_postprocess,2,18074495,4,0x4,8,18052991,2256623,8193124,499
188,701871294,0,118,0,8,ai_model_monitor,0,89532,11,0x4,,,,,
189,641140176,0,85,0,2,application_initialize,6,39602399,1,0x4,1,39598696,39598696,39598696,39598696
189,641140176,0,85,0,3,camera_render,77,493949561,17,0x4,9,493987234,54887470,59333181,53216553
189,641140176,0,85,0,4,pipeline_frame,0,22337,3,0x4,,,,,
189,641140176,0,85,0,5,pipeline_preprocess,7,45713766,6,0x4,8,216167573,27020946,74505167,499
189,641140176,0,85,0,6,pipeline_npu,7,46007198,97,0x4,4,758359312,189589828,266140648,266140648
189,641140176,0,85,0,7,pipeline_postprocess,2,15593692,3,0x4,6,15577509,2596251,8190427,475
189,641140176,0,85,0,8,ai_model_monitor,0,83049,10,0x4,,,,,
